Position,Name + ID,Name,ID,Roster Position,Salary,Game Info,TeamAbbrev,AvgPointsPerGame
RB,Le'Veon Bell (10981253),Le'Veon Bell,10981253,RB/FLEX,9400,PIT@CLE 09/09/2018 01:00PM ET,PIT,24.69
RB,David Johnson (10981255),David Johnson,10981255,RB/FLEX,8800,WAS@ARI 09/09/2018 04:25PM ET,ARI,14
WR,Antonio Brown (10981597),Antonio Brown,10981597,WR/FLEX,8600,PIT@CLE 09/09/2018 01:00PM ET,PIT,24.63
RB,Alvin Kamara (10981257),Alvin Kamara,10981257,RB/FLEX,8500,TB@NO 09/09/2018 01:00PM ET,NO,19.9
WR,DeAndre Hopkins (10981599),DeAndre Hopkins,10981599,WR/FLEX,8300,HOU@NE 09/09/2018 01:00PM ET,HOU,21.72
WR,Michael Thomas (10981601),Michael Thomas,10981601,WR/FLEX,7800,TB@NO 09/09/2018 01:00PM ET,NO,17.56
RB,Ezekiel Elliott (10981259),Ezekiel Elliott,10981259,RB/FLEX,7700,DAL@CAR 09/09/2018 04:25PM ET,DAL,21.92
WR,Keenan Allen (10981603),Keenan Allen,10981603,WR/FLEX,7500,KC@LAC 09/09/2018 04:05PM ET,LAC,19.08
WR,A.J. Green (10981605),A.J. Green,10981605,WR/FLEX,7300,CIN@IND 09/09/2018 01:00PM ET,CIN,14.86
QB,Tom Brady (10981164),Tom Brady,10981164,QB,7200,HOU@NE 09/09/2018 01:00PM ET,NE,20.73
RB,Leonard Fournette (10981261),Leonard Fournette,10981261,RB/FLEX,7100,JAX@NYG 09/09/2018 01:00PM ET,JAX,19.24
WR,Odell Beckham Jr. (10981607),Odell Beckham Jr.,10981607,WR/FLEX,7000,JAX@NYG 09/09/2018 01:00PM ET,NYG,18.5
TE,Rob Gronkowski (10982169),Rob Gronkowski,10982169,TE/FLEX,6900,HOU@NE 09/09/2018 01:00PM ET,NE,16.22
WR,Adam Thielen (10981609),Adam Thielen,10981609,WR/FLEX,6900,SF@MIN 09/09/2018 01:00PM ET,MIN,15.16
RB,Kareem Hunt (10981263),Kareem Hunt,10981263,RB/FLEX,6900,KC@LAC 09/09/2018 04:05PM ET,KC,19.29
QB,Cam Newton (10981165),Cam Newton,10981165,QB,6900,DAL@CAR 09/09/2018 04:25PM ET,CAR,20.66
QB,Drew Brees (10981166),Drew Brees,10981166,QB,6800,TB@NO 09/09/2018 01:00PM ET,NO,18.13
WR,T.Y. Hilton (10981611),T.Y. Hilton,10981611,WR/FLEX,6800,CIN@IND 09/09/2018 01:00PM ET,IND,11.79
RB,Melvin Gordon (10981265),Melvin Gordon,10981265,RB/FLEX,6800,KC@LAC 09/09/2018 04:05PM ET,LAC,18.38
RB,Saquon Barkley (10981267),Saquon Barkley,10981267,RB/FLEX,6700,JAX@NYG 09/09/2018 01:00PM ET,NYG,0
WR,Mike Evans (10981613),Mike Evans,10981613,WR/FLEX,6700,TB@NO 09/09/2018 01:00PM ET,TB,13.74
QB,Deshaun Watson (10981167),Deshaun Watson,10981167,QB,6700,HOU@NE 09/09/2018 01:00PM ET,HOU,26.27
QB,Ben Roethlisberger (10981168),Ben Roethlisberger,10981168,QB,6600,PIT@CLE 09/09/2018 01:00PM ET,PIT,20.57
WR,Larry Fitzgerald (10981615),Larry Fitzgerald,10981615,WR/FLEX,6600,WAS@ARI 09/09/2018 04:25PM ET,ARI,17.15
QB,Kirk Cousins (10981169),Kirk Cousins,10981169,QB,6500,SF@MIN 09/09/2018 01:00PM ET,MIN,19.41
WR,Tyreek Hill (10981617),Tyreek Hill,10981617,WR/FLEX,6500,KC@LAC 09/09/2018 04:05PM ET,KC,17.21
QB,Philip Rivers (10981170),Philip Rivers,10981170,QB,6400,KC@LAC 09/09/2018 04:05PM ET,LAC,18.71
TE,Travis Kelce (10982171),Travis Kelce,10982171,TE/FLEX,6400,KC@LAC 09/09/2018 04:05PM ET,KC,16.44
RB,Christian McCaffrey (10981269),Christian McCaffrey,10981269,RB/FLEX,6400,DAL@CAR 09/09/2018 04:25PM ET,CAR,15.25
WR,Stefon Diggs (10981619),Stefon Diggs,10981619,WR/FLEX,6300,SF@MIN 09/09/2018 01:00PM ET,MIN,15.31
QB,Marcus Mariota (10981171),Marcus Mariota,10981171,QB,6300,TEN@MIA 09/09/2018 01:00PM ET,TEN,16.57
RB,Dalvin Cook (10981271),Dalvin Cook,10981271,RB/FLEX,6200,SF@MIN 09/09/2018 01:00PM ET,MIN,17.35
QB,Russell Wilson (10981172),Russell Wilson,10981172,QB,6200,SEA@DEN 09/09/2018 04:25PM ET,SEA,23.18
WR,Doug Baldwin (10981621),Doug Baldwin,10981621,WR/FLEX,6200,SEA@DEN 09/09/2018 04:25PM ET,SEA,14.33
WR,Chris Hogan (10981623),Chris Hogan,10981623,WR/FLEX,6100,HOU@NE 09/09/2018 01:00PM ET,NE,11
QB,Andrew Luck (10981173),Andrew Luck,10981173,QB,6100,CIN@IND 09/09/2018 01:00PM ET,IND,0
RB,Joe Mixon (10981273),Joe Mixon,10981273,RB/FLEX,6100,CIN@IND 09/09/2018 01:00PM ET,CIN,10.45
RB,LeSean McCoy (10981275),LeSean McCoy,10981275,RB/FLEX,6000,BUF@BAL 09/09/2018 01:00PM ET,BUF,17.32
WR,Julian Edelman (10981625),Julian Edelman,10981625,WR/FLEX,6000,HOU@NE 09/09/2018 01:00PM ET,NE,0
QB,Patrick Mahomes II (10981174),Patrick Mahomes II,10981174,QB,6000,KC@LAC 09/09/2018 04:05PM ET,KC,11.36
RB,Kenyan Drake (10981277),Kenyan Drake,10981277,RB/FLEX,5900,TEN@MIA 09/09/2018 01:00PM ET,MIA,9.39
WR,JuJu Smith-Schuster (10981627),JuJu Smith-Schuster,10981627,WR/FLEX,5900,PIT@CLE 09/09/2018 01:00PM ET,PIT,14.41
RB,Jerick McKinnon (10981279),Jerick McKinnon,10981279,RB/FLEX,5800,SF@MIN 09/09/2018 01:00PM ET,SF,12.21
QB,Andy Dalton (10981175),Andy Dalton,10981175,QB,5800,CIN@IND 09/09/2018 01:00PM ET,CIN,14.36
WR,Josh Gordon (10981629),Josh Gordon,10981629,WR/FLEX,5800,PIT@CLE 09/09/2018 01:00PM ET,CLE,12.1
RB,Mark Ingram (10981281),Mark Ingram,10981281,RB/FLEX,5700,TB@NO 09/09/2018 01:00PM ET,NO,16.74
QB,Jimmy Garoppolo (10981176),Jimmy Garoppolo,10981176,QB,5700,SF@MIN 09/09/2018 01:00PM ET,SF,16.48
WR,Demaryius Thomas (10981631),Demaryius Thomas,10981631,WR/FLEX,5700,SEA@DEN 09/09/2018 04:25PM ET,DEN,13.12
RB,Alex Collins (10981283),Alex Collins,10981283,RB/FLEX,5600,BUF@BAL 09/09/2018 01:00PM ET,BAL,11.93
QB,Blake Bortles (10981178),Blake Bortles,10981178,QB,5600,JAX@NYG 09/09/2018 01:00PM ET,JAX,17.13
WR,Corey Davis (10981633),Corey Davis,10981633,WR/FLEX,5600,TEN@MIA 09/09/2018 01:00PM ET,TEN,7.79
QB,Alex Smith (10981177),Alex Smith,10981177,QB,5600,WAS@ARI 09/09/2018 04:25PM ET,WAS,21.00
QB,Jameis Winston (10981179),Jameis Winston,10981179,QB,5500,TB@NO 09/09/2018 01:00PM ET,TB,18.28
WR,Jarvis Landry (10981635),Jarvis Landry,10981635,WR/FLEX,5500,PIT@CLE 09/09/2018 01:00PM ET,CLE,16.38
QB,Dak Prescott (10981180),Dak Prescott,10981180,QB,5500,DAL@CAR 09/09/2018 04:25PM ET,DAL,17.48
WR,Michael Crabtree (10981637),Michael Crabtree,10981637,WR/FLEX,5400,BUF@BAL 09/09/2018 01:00PM ET,BAL,12.27
RB,Derrick Henry (10981285),Derrick Henry,10981285,RB/FLEX,5400,TEN@MIA 09/09/2018 01:00PM ET,TEN,9.94
QB,Tyrod Taylor (10981181),Tyrod Taylor,10981181,QB,5400,PIT@CLE 09/09/2018 01:00PM ET,CLE,14.73
TE,Greg Olsen (10982173),Greg Olsen,10982173,TE/FLEX,5400,DAL@CAR 09/09/2018 04:25PM ET,CAR,9.1
QB,Ryan Tannehill (10981182),Ryan Tannehill,10981182,QB,5300,TEN@MIA 09/09/2018 01:00PM ET,MIA,0
WR,DeVante Parker (10981639),DeVante Parker,10981639,WR/FLEX,5300,TEN@MIA 09/09/2018 01:00PM ET,MIA,10
RB,Lamar Miller (10981287),Lamar Miller,10981287,RB/FLEX,5200,HOU@NE 09/09/2018 01:00PM ET,HOU,12.09
WR,Devin Funchess (10981641),Devin Funchess,10981641,WR/FLEX,5200,DAL@CAR 09/09/2018 04:25PM ET,CAR,12.35
QB,Sam Bradford (10981183),Sam Bradford,10981183,QB,5200,WAS@ARI 09/09/2018 04:25PM ET,ARI,14.99
RB,Sony Michel (10981289),Sony Michel,10981289,RB/FLEX,5100,HOU@NE 09/09/2018 01:00PM ET,NE,0
WR,Will Fuller V (10981645),Will Fuller V,10981645,WR/FLEX,5100,HOU@NE 09/09/2018 01:00PM ET,HOU,11.62
WR,Sammy Watkins (10981643),Sammy Watkins,10981643,WR/FLEX,5100,KC@LAC 09/09/2018 04:05PM ET,KC,9.54
QB,Case Keenum (10981184),Case Keenum,10981184,QB,5100,SEA@DEN 09/09/2018 04:25PM ET,DEN,16.68
WR,Kelvin Benjamin (10981647),Kelvin Benjamin,10981647,WR/FLEX,5000,BUF@BAL 09/09/2018 01:00PM ET,BUF,9.34
QB,Ryan Fitzpatrick (10981186),Ryan Fitzpatrick,10981186,QB,5000,TB@NO 09/09/2018 01:00PM ET,TB,12.82
QB,Jacoby Brissett (10981185),Jacoby Brissett,10981185,QB,5000,CIN@IND 09/09/2018 01:00PM ET,IND,13.87
WR,Emmanuel Sanders (10981649),Emmanuel Sanders,10981649,WR/FLEX,5000,SEA@DEN 09/09/2018 04:25PM ET,DEN,9.79
RB,Derrius Guice (10981291),Derrius Guice,10981291,RB/FLEX,5000,WAS@ARI 09/09/2018 04:25PM ET,WAS,0
WR,Jamison Crowder (10981651),Jamison Crowder,10981651,WR/FLEX,5000,WAS@ARI 09/09/2018 04:25PM ET,WAS,11.29
QB,Joe Flacco (10981187),Joe Flacco,10981187,QB,4900,BUF@BAL 09/09/2018 01:00PM ET,BAL,12.38
RB,Chris Ivory (10981297),Chris Ivory,10981297,RB/FLEX,4900,BUF@BAL 09/09/2018 01:00PM ET,BUF,5.79
RB,T.J. Yeldon (10981299),T.J. Yeldon,10981299,RB/FLEX,4900,JAX@NYG 09/09/2018 01:00PM ET,JAX,9.46
WR,Marqise Lee (10981653),Marqise Lee,10981653,WR/FLEX,4900,JAX@NYG 09/09/2018 01:00PM ET,JAX,9.55
RB,Ronald Jones II (10981295),Ronald Jones II,10981295,RB/FLEX,4900,TB@NO 09/09/2018 01:00PM ET,TB,0
QB,Brian Hoyer (10981188),Brian Hoyer,10981188,QB,4900,HOU@NE 09/09/2018 01:00PM ET,NE,6.23
WR,Pierre Garcon (10981655),Pierre Garcon,10981655,WR/FLEX,4900,SF@MIN 09/09/2018 01:00PM ET,SF,11.62
RB,Dion Lewis (10981293),Dion Lewis,10981293,RB/FLEX,4900,TEN@MIA 09/09/2018 01:00PM ET,TEN,13.59
TE,Delanie Walker (10982175),Delanie Walker,10982175,TE/FLEX,4900,TEN@MIA 09/09/2018 01:00PM ET,TEN,10.99
QB,Landry Jones (10981189),Landry Jones,10981189,QB,4900,PIT@CLE 09/09/2018 01:00PM ET,PIT,3.52
QB,Teddy Bridgewater (11182400),Teddy Bridgewater,11182400,QB,4800,TB@NO 09/09/2018 01:00PM ET,NO,-1.3
RB,Latavius Murray (10981303),Latavius Murray,10981303,RB/FLEX,4800,SF@MIN 09/09/2018 01:00PM ET,MIN,10.17
WR,Rishard Matthews (10981657),Rishard Matthews,10981657,WR/FLEX,4800,TEN@MIA 09/09/2018 01:00PM ET,TEN,10.46
RB,Marlon Mack (10981305),Marlon Mack,10981305,RB/FLEX,4800,CIN@IND 09/09/2018 01:00PM ET,IND,7.38
RB,Rashaad Penny (10981301),Rashaad Penny,10981301,RB/FLEX,4800,SEA@DEN 09/09/2018 04:25PM ET,SEA,0
QB,Eli Manning (10981193),Eli Manning,10981193,QB,4700,JAX@NYG 09/09/2018 01:00PM ET,NYG,14.09
TE,Evan Engram (10982177),Evan Engram,10982177,TE/FLEX,4700,JAX@NYG 09/09/2018 01:00PM ET,NYG,11.57
WR,Kenny Stills (10981659),Kenny Stills,10981659,WR/FLEX,4700,TEN@MIA 09/09/2018 01:00PM ET,MIA,11.23
QB,Mason Rudolph (10981194),Mason Rudolph,10981194,QB,4700,PIT@CLE 09/09/2018 01:00PM ET,PIT,0
RB,Duke Johnson Jr. (10981307),Duke Johnson Jr.,10981307,RB/FLEX,4700,PIT@CLE 09/09/2018 01:00PM ET,CLE,13.63
WR,Allen Hurns (10981661),Allen Hurns,10981661,WR/FLEX,4700,DAL@CAR 09/09/2018 04:25PM ET,DAL,9.12
QB,Josh Rosen (10981192),Josh Rosen,10981192,QB,4700,WAS@ARI 09/09/2018 04:25PM ET,ARI,0
RB,Chris Thompson (10981309),Chris Thompson,10981309,RB/FLEX,4700,WAS@ARI 09/09/2018 04:25PM ET,WAS,15.94
RB,Adrian Peterson (11182403),Adrian Peterson,11182403,RB/FLEX,4700,WAS@ARI 09/09/2018 04:25PM ET,WAS,8.69
QB,Lamar Jackson (10981196),Lamar Jackson,10981196,QB,4600,BUF@BAL 09/09/2018 01:00PM ET,BAL,0
QB,AJ McCarron (10981197),AJ McCarron,10981197,QB,4600,BUF@BAL 09/09/2018 01:00PM ET,BUF,0.88
WR,DeSean Jackson (10981665),DeSean Jackson,10981665,WR/FLEX,4600,TB@NO 09/09/2018 01:00PM ET,TB,10.11
QB,Brandon Weeden (10981198),Brandon Weeden,10981198,QB,4600,HOU@NE 09/09/2018 01:00PM ET,HOU,0
QB,Trevor Siemian (10981191),Trevor Siemian,10981191,QB,4600,SF@MIN 09/09/2018 01:00PM ET,MIN,13.19
RB,Matt Breida (10981313),Matt Breida,10981313,RB/FLEX,4600,SF@MIN 09/09/2018 01:00PM ET,SF,6.47
WR,Marquise Goodwin (10981663),Marquise Goodwin,10981663,WR/FLEX,4600,SF@MIN 09/09/2018 01:00PM ET,SF,11.1
QB,Baker Mayfield (10981190),Baker Mayfield,10981190,QB,4600,PIT@CLE 09/09/2018 01:00PM ET,CLE,0
RB,Devontae Booker (10981315),Devontae Booker,10981315,RB/FLEX,4600,SEA@DEN 09/09/2018 04:25PM ET,DEN,7.11
RB,Rod Smith (10981311),Rod Smith,10981311,RB/FLEX,4600,DAL@CAR 09/09/2018 04:25PM ET,DAL,6.36
WR,Sterling Shepard (10981667),Sterling Shepard,10981667,WR/FLEX,4500,JAX@NYG 09/09/2018 01:00PM ET,NYG,13.96
QB,Ryan Griffin (10981200),Ryan Griffin,10981200,QB,4500,TB@NO 09/09/2018 01:00PM ET,TB,0
TE,Kyle Rudolph (10982179),Kyle Rudolph,10982179,TE/FLEX,4500,SF@MIN 09/09/2018 01:00PM ET,MIN,9.75
QB,Blaine Gabbert (10981201),Blaine Gabbert,10981201,QB,4500,TEN@MIA 09/09/2018 01:00PM ET,TEN,13.93
QB,Brock Osweiler (10981202),Brock Osweiler,10981202,QB,4500,TEN@MIA 09/09/2018 01:00PM ET,MIA,12.32
RB,Carlos Hyde (10981317),Carlos Hyde,10981317,RB/FLEX,4500,PIT@CLE 09/09/2018 01:00PM ET,CLE,14.86
RB,James Conner (10981319),James Conner,10981319,RB/FLEX,4500,PIT@CLE 09/09/2018 01:00PM ET,PIT,1.03
QB,Chad Henne (10981203),Chad Henne,10981203,QB,4500,KC@LAC 09/09/2018 04:05PM ET,KC,-0.25
RB,Spencer Ware (10981321),Spencer Ware,10981321,RB/FLEX,4500,KC@LAC 09/09/2018 04:05PM ET,KC,0
RB,Royce Freeman (10981323),Royce Freeman,10981323,RB/FLEX,4500,SEA@DEN 09/09/2018 04:25PM ET,DEN,0
RB,Chris Carson (10981325),Chris Carson,10981325,RB/FLEX,4500,SEA@DEN 09/09/2018 04:25PM ET,SEA,9.92
QB,Garrett Gilbert (10981199),Garrett Gilbert,10981199,QB,4500,DAL@CAR 09/09/2018 04:25PM ET,CAR,0
QB,Cooper Rush (10981204),Cooper Rush,10981204,QB,4500,DAL@CAR 09/09/2018 04:25PM ET,DAL,0.69
QB,Colt McCoy (10981195),Colt McCoy,10981195,QB,4500,WAS@ARI 09/09/2018 04:25PM ET,WAS,0
RB,Chase Edmonds (10981327),Chase Edmonds,10981327,RB/FLEX,4500,WAS@ARI 09/09/2018 04:25PM ET,ARI,0
WR,Josh Doctson (10981669),Josh Doctson,10981669,WR/FLEX,4500,WAS@ARI 09/09/2018 04:25PM ET,WAS,7.49
QB,Josh Allen (10981206),Josh Allen,10981206,QB,4400,BUF@BAL 09/09/2018 01:00PM ET,BUF,0
QB,Taysom Hill (10981205),Taysom Hill,10981205,QB,4400,TB@NO 09/09/2018 01:00PM ET,NO,0
QB,Tom Savage (10981207),Tom Savage,10981207,QB,4400,TB@NO 09/09/2018 01:00PM ET,NO,8.34
WR,Cameron Meredith (10981671),Cameron Meredith,10981671,WR/FLEX,4400,TB@NO 09/09/2018 01:00PM ET,NO,0
QB,C.J. Beathard (10981208),C.J. Beathard,10981208,QB,4400,SF@MIN 09/09/2018 01:00PM ET,SF,13.83
RB,Giovani Bernard (10981329),Giovani Bernard,10981329,RB/FLEX,4400,CIN@IND 09/09/2018 01:00PM ET,CIN,9.67
RB,Austin Ekeler (10981331),Austin Ekeler,10981331,RB/FLEX,4400,KC@LAC 09/09/2018 04:05PM ET,LAC,6.81
QB,Davis Webb (10981209),Davis Webb,10981209,QB,4300,JAX@NYG 09/09/2018 01:00PM ET,NYG,0
WR,Ted Ginn Jr. (10981673),Ted Ginn Jr.,10981673,WR/FLEX,4300,TB@NO 09/09/2018 01:00PM ET,NO,11.96
RB,D'Onta Foreman (10981333),D'Onta Foreman,10981333,RB/FLEX,4300,HOU@NE 09/09/2018 01:00PM ET,HOU,5.8
QB,Matt Barkley (10981210),Matt Barkley,10981210,QB,4300,CIN@IND 09/09/2018 01:00PM ET,CIN,0
QB,Austin Davis (10981211),Austin Davis,10981211,QB,4300,SEA@DEN 09/09/2018 04:25PM ET,SEA,-0.03
WR,Tyler Lockett (10981675),Tyler Lockett,10981675,WR/FLEX,4300,SEA@DEN 09/09/2018 04:25PM ET,SEA,7.96
QB,Brett Hundley (11182401),Brett Hundley,11182401,QB,4300,SEA@DEN 09/09/2018 04:25PM ET,SEA,12.58
QB,Nathan Peterman (10981212),Nathan Peterman,10981212,QB,4200,BUF@BAL 09/09/2018 01:00PM ET,BUF,3.07
QB,Robert Griffin III (10981213),Robert Griffin III,10981213,QB,4200,BUF@BAL 09/09/2018 01:00PM ET,BAL,0
RB,Javorius Allen (10981335),Javorius Allen,10981335,RB/FLEX,4200,BUF@BAL 09/09/2018 01:00PM ET,BAL,10.38
RB,Rex Burkhead (10981337),Rex Burkhead,10981337,RB/FLEX,4200,HOU@NE 09/09/2018 01:00PM ET,NE,11.84
WR,Jordan Matthews (10981679),Jordan Matthews,10981679,WR/FLEX,4200,HOU@NE 09/09/2018 01:00PM ET,NE,5.82
WR,Danny Amendola (10981677),Danny Amendola,10981677,WR/FLEX,4200,TEN@MIA 09/09/2018 01:00PM ET,MIA,11.51
WR,Tyrell Williams (10981681),Tyrell Williams,10981681,WR/FLEX,4200,KC@LAC 09/09/2018 04:05PM ET,LAC,9.05
QB,Paxton Lynch (10981214),Paxton Lynch,10981214,QB,4200,SEA@DEN 09/09/2018 04:25PM ET,DEN,9.4
RB,C.J. Anderson (10981339),C.J. Anderson,10981339,RB/FLEX,4200,DAL@CAR 09/09/2018 04:25PM ET,CAR,11.38
RB,Peyton Barber (10981341),Peyton Barber,10981341,RB/FLEX,4100,TB@NO 09/09/2018 01:00PM ET,TB,5.61
WR,Chris Godwin (10981685),Chris Godwin,10981685,WR/FLEX,4100,TB@NO 09/09/2018 01:00PM ET,TB,5.97
RB,Nick Chubb (10981343),Nick Chubb,10981343,RB/FLEX,4100,PIT@CLE 09/09/2018 01:00PM ET,CLE,0
WR,D.J. Moore (10981683),D.J. Moore,10981683,WR/FLEX,4100,DAL@CAR 09/09/2018 04:25PM ET,CAR,0
QB,Mike Glennon (10981215),Mike Glennon,10981215,QB,4100,WAS@ARI 09/09/2018 04:25PM ET,ARI,11.18
QB,Josh Woodrum (10981216),Josh Woodrum,10981216,QB,4000,BUF@BAL 09/09/2018 01:00PM ET,BAL,0
RB,Travaris Cadet (10981345),Travaris Cadet,10981345,RB/FLEX,4000,BUF@BAL 09/09/2018 01:00PM ET,BUF,4.17
WR,Corey Coleman (10981689),Corey Coleman,10981689,WR/FLEX,4000,BUF@BAL 09/09/2018 01:00PM ET,BUF,7.28
QB,Kyle Lauletta (10981217),Kyle Lauletta,10981217,QB,4000,JAX@NYG 09/09/2018 01:00PM ET,NYG,0
QB,Alex Tanney (10981218),Alex Tanney,10981218,QB,4000,JAX@NYG 09/09/2018 01:00PM ET,NYG,0
QB,Cody Kessler (10981219),Cody Kessler,10981219,QB,4000,JAX@NYG 09/09/2018 01:00PM ET,JAX,1.31
QB,Tanner Lee (10981220),Tanner Lee,10981220,QB,4000,JAX@NYG 09/09/2018 01:00PM ET,JAX,0
RB,Jonathan Stewart (10981347),Jonathan Stewart,10981347,RB/FLEX,4000,JAX@NYG 09/09/2018 01:00PM ET,NYG,8.21
RB,Corey Grant (10981349),Corey Grant,10981349,RB/FLEX,4000,JAX@NYG 09/09/2018 01:00PM ET,JAX,2.75
WR,Donte Moncrief (10981687),Donte Moncrief,10981687,WR/FLEX,4000,JAX@NYG 09/09/2018 01:00PM ET,JAX,6.42
QB,J.T. Barrett (10981221),J.T. Barrett,10981221,QB,4000,TB@NO 09/09/2018 01:00PM ET,NO,0
QB,Austin Allen (10981222),Austin Allen,10981222,QB,4000,TB@NO 09/09/2018 01:00PM ET,TB,0
RB,Terrance West (10981351),Terrance West,10981351,RB/FLEX,4000,TB@NO 09/09/2018 01:00PM ET,NO,5.82
RB,Boston Scott (10981353),Boston Scott,10981353,RB/FLEX,4000,TB@NO 09/09/2018 01:00PM ET,NO,0
RB,Jonathan Williams (10981355),Jonathan Williams,10981355,RB/FLEX,4000,TB@NO 09/09/2018 01:00PM ET,NO,0
QB,Stephen Morris (10981223),Stephen Morris,10981223,QB,4000,HOU@NE 09/09/2018 01:00PM ET,HOU,0
QB,Joe Webb III (10981224),Joe Webb III,10981224,QB,4000,HOU@NE 09/09/2018 01:00PM ET,HOU,0.34
QB,Danny Etling (10981225),Danny Etling,10981225,QB,4000,HOU@NE 09/09/2018 01:00PM ET,NE,0
RB,Alfred Blue (10981357),Alfred Blue,10981357,RB/FLEX,4000,HOU@NE 09/09/2018 01:00PM ET,HOU,4.33
RB,James White (10981359),James White,10981359,RB/FLEX,4000,HOU@NE 09/09/2018 01:00PM ET,NE,10.35
QB,Peter Pujals (10981226),Peter Pujals,10981226,QB,4000,SF@MIN 09/09/2018 01:00PM ET,MIN,0
QB,Kyle Sloter (10981227),Kyle Sloter,10981227,QB,4000,SF@MIN 09/09/2018 01:00PM ET,MIN,0
QB,Nick Mullens (10981228),Nick Mullens,10981228,QB,4000,SF@MIN 09/09/2018 01:00PM ET,SF,0
QB,Jack Heneghan (10981229),Jack Heneghan,10981229,QB,4000,SF@MIN 09/09/2018 01:00PM ET,SF,0
QB,Luke Falk (10981230),Luke Falk,10981230,QB,4000,TEN@MIA 09/09/2018 01:00PM ET,TEN,0
QB,David Fales (10981231),David Fales,10981231,QB,4000,TEN@MIA 09/09/2018 01:00PM ET,MIA,10.2
QB,Bryce Petty (10981232),Bryce Petty,10981232,QB,4000,TEN@MIA 09/09/2018 01:00PM ET,MIA,7.06
QB,Logan Woodside (10981233),Logan Woodside,10981233,QB,4000,CIN@IND 09/09/2018 01:00PM ET,CIN,0
QB,Jeff Driskel (10981234),Jeff Driskel,10981234,QB,4000,CIN@IND 09/09/2018 01:00PM ET,CIN,0
QB,Phillip Walker (10981235),Phillip Walker,10981235,QB,4000,CIN@IND 09/09/2018 01:00PM ET,IND,0
QB,Brad Kaaya (10981236),Brad Kaaya,10981236,QB,4000,CIN@IND 09/09/2018 01:00PM ET,IND,0
RB,Nyheim Hines (10981361),Nyheim Hines,10981361,RB/FLEX,4000,CIN@IND 09/09/2018 01:00PM ET,IND,0
QB,Drew Stanton (10981237),Drew Stanton,10981237,QB,4000,PIT@CLE 09/09/2018 01:00PM ET,CLE,11.09
QB,Brogan Roback (10981238),Brogan Roback,10981238,QB,4000,PIT@CLE 09/09/2018 01:00PM ET,CLE,0
QB,Joshua Dobbs (10981239),Joshua Dobbs,10981239,QB,4000,PIT@CLE 09/09/2018 01:00PM ET,PIT,0
WR,James Washington (10981691),James Washington,10981691,WR/FLEX,4000,PIT@CLE 09/09/2018 01:00PM ET,PIT,0
QB,Chase Litton (10981240),Chase Litton,10981240,QB,4000,KC@LAC 09/09/2018 04:05PM ET,KC,0
QB,Matt McGloin (10981241),Matt McGloin,10981241,QB,4000,KC@LAC 09/09/2018 04:05PM ET,KC,0
QB,Cardale Jones (10981242),Cardale Jones,10981242,QB,4000,KC@LAC 09/09/2018 04:05PM ET,LAC,0
QB,Nic Shimonek (10981243),Nic Shimonek,10981243,QB,4000,KC@LAC 09/09/2018 04:05PM ET,LAC,0
QB,Geno Smith (10981244),Geno Smith,10981244,QB,4000,KC@LAC 09/09/2018 04:05PM ET,LAC,5.84
QB,Chad Kelly (10981245),Chad Kelly,10981245,QB,4000,SEA@DEN 09/09/2018 04:25PM ET,DEN,0
QB,Alex McGough (10981246),Alex McGough,10981246,QB,4000,SEA@DEN 09/09/2018 04:25PM ET,SEA,0
QB,Mike White (10981247),Mike White,10981247,QB,4000,DAL@CAR 09/09/2018 04:25PM ET,DAL,0
QB,Dalton Sturm (10981248),Dalton Sturm,10981248,QB,4000,DAL@CAR 09/09/2018 04:25PM ET,DAL,0
QB,Kyle Allen (10981249),Kyle Allen,10981249,QB,4000,DAL@CAR 09/09/2018 04:25PM ET,CAR,0
QB,Taylor Heinicke (10981250),Taylor Heinicke,10981250,QB,4000,DAL@CAR 09/09/2018 04:25PM ET,CAR,0.6
WR,Michael Gallup (10981693),Michael Gallup,10981693,WR/FLEX,4000,DAL@CAR 09/09/2018 04:25PM ET,DAL,0
QB,Chad Kanoff (10981251),Chad Kanoff,10981251,QB,4000,WAS@ARI 09/09/2018 04:25PM ET,ARI,0
QB,Kevin Hogan (10981252),Kevin Hogan,10981252,QB,4000,WAS@ARI 09/09/2018 04:25PM ET,WAS,9.70
TE,Jordan Reed (10982181),Jordan Reed,10982181,TE/FLEX,4000,WAS@ARI 09/09/2018 04:25PM ET,WAS,10.02
QB,Connor Jessop (11182402),Connor Jessop,11182402,QB,4000,WAS@ARI 09/09/2018 04:25PM ET,WAS,0
RB,Kenneth Dixon (10981365),Kenneth Dixon,10981365,RB/FLEX,3900,BUF@BAL 09/09/2018 01:00PM ET,BAL,0
WR,Dede Westbrook (10981695),Dede Westbrook,10981695,WR/FLEX,3900,JAX@NYG 09/09/2018 01:00PM ET,JAX,8.24
WR,John Ross (10981697),John Ross,10981697,WR/FLEX,3900,CIN@IND 09/09/2018 01:00PM ET,CIN,0.07
WR,Ryan Grant (10981699),Ryan Grant,10981699,WR/FLEX,3900,CIN@IND 09/09/2018 01:00PM ET,IND,7.89
WR,Mike Williams (10981701),Mike Williams,10981701,WR/FLEX,3900,KC@LAC 09/09/2018 04:05PM ET,LAC,2.05
RB,Samaje Perine (10981363),Samaje Perine,10981363,RB/FLEX,3900,WAS@ARI 09/09/2018 04:25PM ET,WAS,7.28
WR,Paul Richardson Jr. (10981703),Paul Richardson Jr.,10981703,WR/FLEX,3900,WAS@ARI 09/09/2018 04:25PM ET,WAS,9.58
TE,Vernon Davis (10982183),Vernon Davis,10982183,TE/FLEX,3900,WAS@ARI 09/09/2018 04:25PM ET,WAS,7.74
DST,Ravens  (10982481),Ravens ,10982481,DST,3800,BUF@BAL 09/09/2018 01:00PM ET,BAL,11.69
RB,Wayne Gallman (10981367),Wayne Gallman,10981367,RB/FLEX,3800,JAX@NYG 09/09/2018 01:00PM ET,NYG,8.15
WR,Keelan Cole (10981707),Keelan Cole,10981707,WR/FLEX,3800,JAX@NYG 09/09/2018 01:00PM ET,JAX,7.95
RB,Charles Sims (10981369),Charles Sims,10981369,RB/FLEX,3800,TB@NO 09/09/2018 01:00PM ET,TB,4.65
WR,Kenny Britt (10981709),Kenny Britt,10981709,WR/FLEX,3800,HOU@NE 09/09/2018 01:00PM ET,NE,4.8
RB,Charcandrick West (10981371),Charcandrick West,10981371,RB/FLEX,3800,KC@LAC 09/09/2018 04:05PM ET,KC,5.38
RB,De'Angelo Henderson (10981373),De'Angelo Henderson,10981373,RB/FLEX,3800,SEA@DEN 09/09/2018 04:25PM ET,DEN,2.58
WR,Tavon Austin (10981705),Tavon Austin,10981705,WR/FLEX,3800,DAL@CAR 09/09/2018 04:25PM ET,DAL,2.75
WR,Terrance Williams (10981711),Terrance Williams,10981711,WR/FLEX,3800,DAL@CAR 09/09/2018 04:25PM ET,DAL,7.14
WR,Jeremy Kerley (10981717),Jeremy Kerley,10981717,WR/FLEX,3700,BUF@BAL 09/09/2018 01:00PM ET,BUF,5.96
WR,Zay Jones (10981719),Zay Jones,10981719,WR/FLEX,3700,BUF@BAL 09/09/2018 01:00PM ET,BUF,4.66
WR,John Brown (10981721),John Brown,10981721,WR/FLEX,3700,BUF@BAL 09/09/2018 01:00PM ET,BAL,6.99
WR,Willie Snead IV (10981723),Willie Snead IV,10981723,WR/FLEX,3700,BUF@BAL 09/09/2018 01:00PM ET,BAL,1.67
DST,Jaguars  (10982482),Jaguars ,10982482,DST,3700,JAX@NYG 09/09/2018 01:00PM ET,JAX,12.26
RB,Shane Vereen (10981375),Shane Vereen,10981375,RB/FLEX,3700,TB@NO 09/09/2018 01:00PM ET,NO,5.29
WR,Malcolm Mitchell (10981713),Malcolm Mitchell,10981713,WR/FLEX,3700,HOU@NE 09/09/2018 01:00PM ET,NE,0
WR,Phillip Dorsett (10981715),Phillip Dorsett,10981715,WR/FLEX,3700,HOU@NE 09/09/2018 01:00PM ET,NE,2.26
RB,Frank Gore (10981377),Frank Gore,10981377,RB/FLEX,3700,TEN@MIA 09/09/2018 01:00PM ET,MIA,11.22
WR,Albert Wilson (10981725),Albert Wilson,10981725,WR/FLEX,3700,TEN@MIA 09/09/2018 01:00PM ET,MIA,8.83
RB,Jordan Wilkins (10981379),Jordan Wilkins,10981379,RB/FLEX,3700,CIN@IND 09/09/2018 01:00PM ET,IND,0
WR,Brandon LaFell (10981727),Brandon LaFell,10981727,WR/FLEX,3700,CIN@IND 09/09/2018 01:00PM ET,CIN,7.8
WR,Brandon Marshall (10981729),Brandon Marshall,10981729,WR/FLEX,3700,SEA@DEN 09/09/2018 04:25PM ET,SEA,6.68
WR,Christian Kirk (10981731),Christian Kirk,10981731,WR/FLEX,3700,WAS@ARI 09/09/2018 04:25PM ET,ARI,0
RB,Trey Edmunds (10981381),Trey Edmunds,10981381,RB/FLEX,3600,TB@NO 09/09/2018 01:00PM ET,NO,0.6
RB,Jacquizz Rodgers (10981383),Jacquizz Rodgers,10981383,RB/FLEX,3600,TB@NO 09/09/2018 01:00PM ET,TB,2.92
WR,Brandon Coleman (10981735),Brandon Coleman,10981735,WR/FLEX,3600,TB@NO 09/09/2018 01:00PM ET,NO,4.93
DST,Saints  (10982483),Saints ,10982483,DST,3600,TB@NO 09/09/2018 01:00PM ET,NO,8.67
WR,Dante Pettis (10981733),Dante Pettis,10981733,WR/FLEX,3600,SF@MIN 09/09/2018 01:00PM ET,SF,0
WR,Kendall Wright (10981739),Kendall Wright,10981739,WR/FLEX,3600,SF@MIN 09/09/2018 01:00PM ET,MIN,8.09
WR,Trent Taylor (10981741),Trent Taylor,10981741,WR/FLEX,3600,SF@MIN 09/09/2018 01:00PM ET,SF,6.47
RB,Alfred Morris (11182405),Alfred Morris,11182405,RB/FLEX,3600,SF@MIN 09/09/2018 01:00PM ET,SF,5.37
WR,Taywan Taylor (10981743),Taywan Taylor,10981743,WR/FLEX,3600,TEN@MIA 09/09/2018 01:00PM ET,TEN,2.91
TE,Jack Doyle (10982185),Jack Doyle,10982185,TE/FLEX,3600,CIN@IND 09/09/2018 01:00PM ET,IND,11.6
WR,Travis Benjamin (10981745),Travis Benjamin,10981745,WR/FLEX,3600,KC@LAC 09/09/2018 04:05PM ET,LAC,8.33
WR,Courtland Sutton (10981747),Courtland Sutton,10981747,WR/FLEX,3600,SEA@DEN 09/09/2018 04:25PM ET,DEN,0
WR,Cole Beasley (10981749),Cole Beasley,10981749,WR/FLEX,3600,DAL@CAR 09/09/2018 04:25PM ET,DAL,6.09
WR,Curtis Samuel (10981751),Curtis Samuel,10981751,WR/FLEX,3600,DAL@CAR 09/09/2018 04:25PM ET,CAR,3.66
WR,Brice Butler (10981737),Brice Butler,10981737,WR/FLEX,3600,WAS@ARI 09/09/2018 04:25PM ET,ARI,4.98
TE,Charles Clay (10982187),Charles Clay,10982187,TE/FLEX,3500,BUF@BAL 09/09/2018 01:00PM ET,BUF,8.88
WR,Tre'Quan Smith (10981753),Tre'Quan Smith,10981753,WR/FLEX,3500,TB@NO 09/09/2018 01:00PM ET,NO,0
WR,Cordarrelle Patterson (10981755),Cordarrelle Patterson,10981755,WR/FLEX,3500,HOU@NE 09/09/2018 01:00PM ET,NE,5.38
RB,Joe Williams (10981385),Joe Williams,10981385,RB/FLEX,3500,SF@MIN 09/09/2018 01:00PM ET,SF,0
DST,Vikings  (10982484),Vikings ,10982484,DST,3500,SF@MIN 09/09/2018 01:00PM ET,MIN,6.83
RB,Kalen Ballage (10981387),Kalen Ballage,10981387,RB/FLEX,3500,TEN@MIA 09/09/2018 01:00PM ET,MIA,0
WR,Chester Rogers (10981757),Chester Rogers,10981757,WR/FLEX,3500,CIN@IND 09/09/2018 01:00PM ET,IND,5.56
RB,Fitzgerald Toussaint (10981389),Fitzgerald Toussaint,10981389,RB/FLEX,3500,PIT@CLE 09/09/2018 01:00PM ET,PIT,0.77
RB,Stevan Ridley (10981391),Stevan Ridley,10981391,RB/FLEX,3500,PIT@CLE 09/09/2018 01:00PM ET,PIT,5.6
WR,Torrey Smith (10981759),Torrey Smith,10981759,WR/FLEX,3500,DAL@CAR 09/09/2018 04:25PM ET,CAR,6.58
RB,T.J. Logan (10981393),T.J. Logan,10981393,RB/FLEX,3500,WAS@ARI 09/09/2018 04:25PM ET,ARI,0
RB,Rob Kelley (10981395),Rob Kelley,10981395,RB/FLEX,3500,WAS@ARI 09/09/2018 04:25PM ET,WAS,6.17
RB,Mike Gillislee (10981397),Mike Gillislee,10981397,RB/FLEX,3400,HOU@NE 09/09/2018 01:00PM ET,NE,7.76
WR,Bruce Ellington (10981763),Bruce Ellington,10981763,WR/FLEX,3400,HOU@NE 09/09/2018 01:00PM ET,HOU,6.88
WR,Laquon Treadwell (10981761),Laquon Treadwell,10981761,WR/FLEX,3400,SF@MIN 09/09/2018 01:00PM ET,MIN,2.22
WR,Jakeem Grant (10981765),Jakeem Grant,10981765,WR/FLEX,3400,TEN@MIA 09/09/2018 01:00PM ET,MIA,3.03
RB,Mark Walton (10981399),Mark Walton,10981399,RB/FLEX,3400,CIN@IND 09/09/2018 01:00PM ET,CIN,0
TE,Tyler Eifert (10982189),Tyler Eifert,10982189,TE/FLEX,3400,CIN@IND 09/09/2018 01:00PM ET,CIN,4.3
TE,David Njoku (10982193),David Njoku,10982193,TE/FLEX,3400,PIT@CLE 09/09/2018 01:00PM ET,CLE,5.92
DST,Steelers  (10982485),Steelers ,10982485,DST,3400,PIT@CLE 09/09/2018 01:00PM ET,PIT,7.94
WR,Demarcus Robinson (10981767),Demarcus Robinson,10981767,WR/FLEX,3400,KC@LAC 09/09/2018 04:05PM ET,KC,3.41
WR,Chris Conley (10981769),Chris Conley,10981769,WR/FLEX,3400,KC@LAC 09/09/2018 04:05PM ET,KC,5.7
RB,J.D. McKissic (10981401),J.D. McKissic,10981401,RB/FLEX,3400,SEA@DEN 09/09/2018 04:25PM ET,SEA,7.48
WR,J.J. Nelson (10981771),J.J. Nelson,10981771,WR/FLEX,3400,WAS@ARI 09/09/2018 04:25PM ET,ARI,6.09
RB,Jeremy Hill (10981403),Jeremy Hill,10981403,RB/FLEX,3300,HOU@NE 09/09/2018 01:00PM ET,NE,2.46
WR,Braxton Berrios (10981773),Braxton Berrios,10981773,WR/FLEX,3300,HOU@NE 09/09/2018 01:00PM ET,NE,0
TE,George Kittle (10982195),George Kittle,10982195,TE/FLEX,3300,SF@MIN 09/09/2018 01:00PM ET,SF,7.3
WR,Leonte Carroo (10981775),Leonte Carroo,10981775,WR/FLEX,3300,TEN@MIA 09/09/2018 01:00PM ET,MIA,0.99
TE,Eric Ebron (10982191),Eric Ebron,10982191,TE/FLEX,3300,CIN@IND 09/09/2018 01:00PM ET,IND,8.34
RB,C.J. Prosise (10981405),C.J. Prosise,10981405,RB/FLEX,3300,SEA@DEN 09/09/2018 04:25PM ET,SEA,3.4
WR,DaeSean Hamilton (10981777),DaeSean Hamilton,10981777,WR/FLEX,3300,SEA@DEN 09/09/2018 04:25PM ET,DEN,0
WR,Amara Darboh (10981779),Amara Darboh,10981779,WR/FLEX,3300,SEA@DEN 09/09/2018 04:25PM ET,SEA,0.94
WR,Jaron Brown (10981781),Jaron Brown,10981781,WR/FLEX,3300,SEA@DEN 09/09/2018 04:25PM ET,SEA,6.61
DST,Broncos  (10982486),Broncos ,10982486,DST,3300,SEA@DEN 09/09/2018 04:25PM ET,DEN,6.88
WR,Jarius Wright (10981783),Jarius Wright,10981783,WR/FLEX,3300,DAL@CAR 09/09/2018 04:25PM ET,CAR,3.72
WR,Roger Lewis (10981785),Roger Lewis,10981785,WR/FLEX,3200,JAX@NYG 09/09/2018 01:00PM ET,NYG,5.97
WR,Cody Latimer (10981787),Cody Latimer,10981787,WR/FLEX,3200,JAX@NYG 09/09/2018 01:00PM ET,NYG,5.61
TE,Austin Seferian-Jenkins (10982197),Austin Seferian-Jenkins,10982197,TE/FLEX,3200,JAX@NYG 09/09/2018 01:00PM ET,JAX,7.9
WR,Adam Humphries (10981789),Adam Humphries,10981789,WR/FLEX,3200,TB@NO 09/09/2018 01:00PM ET,TB,8.29
WR,Tajae Sharpe (10981791),Tajae Sharpe,10981791,WR/FLEX,3200,TEN@MIA 09/09/2018 01:00PM ET,TEN,0
TE,Vance McDonald (10982199),Vance McDonald,10982199,TE/FLEX,3200,PIT@CLE 09/09/2018 01:00PM ET,PIT,5.73
RB,Mike Davis (10981407),Mike Davis,10981407,RB/FLEX,3200,SEA@DEN 09/09/2018 04:25PM ET,SEA,8.68
DST,Panthers  (10982487),Panthers ,10982487,DST,3200,DAL@CAR 09/09/2018 04:25PM ET,CAR,8.24
WR,Chad Williams (10981793),Chad Williams,10981793,WR/FLEX,3200,WAS@ARI 09/09/2018 04:25PM ET,ARI,1.57
WR,Andre Holmes (10981795),Andre Holmes,10981795,WR/FLEX,3100,BUF@BAL 09/09/2018 01:00PM ET,BUF,3.07
TE,Benjamin Watson (10982201),Benjamin Watson,10982201,TE/FLEX,3100,TB@NO 09/09/2018 01:00PM ET,NO,8.58
TE,O.J. Howard (10982203),O.J. Howard,10982203,TE/FLEX,3100,TB@NO 09/09/2018 01:00PM ET,TB,7.37
WR,Braxton Miller (10981797),Braxton Miller,10981797,WR/FLEX,3100,HOU@NE 09/09/2018 01:00PM ET,HOU,3.76
WR,Tyler Boyd (10981799),Tyler Boyd,10981799,WR/FLEX,3100,CIN@IND 09/09/2018 01:00PM ET,CIN,5.65
WR,Antonio Callaway (10981801),Antonio Callaway,10981801,WR/FLEX,3100,PIT@CLE 09/09/2018 01:00PM ET,CLE,0
WR,Darrius Heyward-Bey (10981803),Darrius Heyward-Bey,10981803,WR/FLEX,3100,PIT@CLE 09/09/2018 01:00PM ET,PIT,0.94
DST,Seahawks  (10982488),Seahawks ,10982488,DST,3100,SEA@DEN 09/09/2018 04:25PM ET,SEA,8.88
RB,Cameron Artis-Payne (10981409),Cameron Artis-Payne,10981409,RB/FLEX,3100,DAL@CAR 09/09/2018 04:25PM ET,CAR,1.19
RB,Patrick DiMarco (10981411),Patrick DiMarco,10981411,RB/FLEX,3000,BUF@BAL 09/09/2018 01:00PM ET,BUF,0.56
RB,Keith Ford (10981413),Keith Ford,10981413,RB/FLEX,3000,BUF@BAL 09/09/2018 01:00PM ET,BUF,0
RB,Zach Olstad (10981415),Zach Olstad,10981415,RB/FLEX,3000,BUF@BAL 09/09/2018 01:00PM ET,BUF,0
RB,Marcus Murphy (10981417),Marcus Murphy,10981417,RB/FLEX,3000,BUF@BAL 09/09/2018 01:00PM ET,BUF,6.8
RB,Taiwan Jones (10981419),Taiwan Jones,10981419,RB/FLEX,3000,BUF@BAL 09/09/2018 01:00PM ET,BUF,0.26
RB,Patrick Ricard (10981421),Patrick Ricard,10981421,RB/FLEX,3000,BUF@BAL 09/09/2018 01:00PM ET,BAL,0
RB,Gus Edwards (10981423),Gus Edwards,10981423,RB/FLEX,3000,BUF@BAL 09/09/2018 01:00PM ET,BAL,0
RB,De'Lance Turner (10981425),De'Lance Turner,10981425,RB/FLEX,3000,BUF@BAL 09/09/2018 01:00PM ET,BAL,0
RB,Chris Ezeala (10981427),Chris Ezeala,10981427,RB/FLEX,3000,BUF@BAL 09/09/2018 01:00PM ET,BAL,0
RB,Mark Thompson (10981429),Mark Thompson,10981429,RB/FLEX,3000,BUF@BAL 09/09/2018 01:00PM ET,BAL,0
WR,Austin Proehl (10981805),Austin Proehl,10981805,WR/FLEX,3000,BUF@BAL 09/09/2018 01:00PM ET,BUF,0
WR,Malachi Dupre (10981807),Malachi Dupre,10981807,WR/FLEX,3000,BUF@BAL 09/09/2018 01:00PM ET,BUF,0
WR,Ray-Ray McCloud III (10981809),Ray-Ray McCloud III,10981809,WR/FLEX,3000,BUF@BAL 09/09/2018 01:00PM ET,BUF,0
WR,Cam Phillips (10981811),Cam Phillips,10981811,WR/FLEX,3000,BUF@BAL 09/09/2018 01:00PM ET,BUF,0
WR,Rod Streater (10981813),Rod Streater,10981813,WR/FLEX,3000,BUF@BAL 09/09/2018 01:00PM ET,BUF,0
WR,Brandon Reilly (10981817),Brandon Reilly,10981817,WR/FLEX,3000,BUF@BAL 09/09/2018 01:00PM ET,BUF,0
WR,Robert Foster (10981819),Robert Foster,10981819,WR/FLEX,3000,BUF@BAL 09/09/2018 01:00PM ET,BUF,0
WR,Kaelin Clay (10981821),Kaelin Clay,10981821,WR/FLEX,3000,BUF@BAL 09/09/2018 01:00PM ET,BUF,2.03
WR,DeVier Posey (10981823),DeVier Posey,10981823,WR/FLEX,3000,BUF@BAL 09/09/2018 01:00PM ET,BAL,0
WR,Breshad Perriman (10981825),Breshad Perriman,10981825,WR/FLEX,3000,BUF@BAL 09/09/2018 01:00PM ET,BAL,1.61
WR,Janarion Grant (10981827),Janarion Grant,10981827,WR/FLEX,3000,BUF@BAL 09/09/2018 01:00PM ET,BAL,0
WR,Andre Levrone (10981829),Andre Levrone,10981829,WR/FLEX,3000,BUF@BAL 09/09/2018 01:00PM ET,BAL,0
WR,Tim White (10981831),Tim White,10981831,WR/FLEX,3000,BUF@BAL 09/09/2018 01:00PM ET,BAL,0
WR,Quincy Adeboyejo (10981833),Quincy Adeboyejo,10981833,WR/FLEX,3000,BUF@BAL 09/09/2018 01:00PM ET,BAL,0
WR,Jaelon Acklin (10981835),Jaelon Acklin,10981835,WR/FLEX,3000,BUF@BAL 09/09/2018 01:00PM ET,BAL,0
WR,Chris Moore (10981837),Chris Moore,10981837,WR/FLEX,3000,BUF@BAL 09/09/2018 01:00PM ET,BAL,5.07
WR,Jordan Lasley (10981839),Jordan Lasley,10981839,WR/FLEX,3000,BUF@BAL 09/09/2018 01:00PM ET,BAL,0
WR,Jaleel Scott (10981841),Jaleel Scott,10981841,WR/FLEX,3000,BUF@BAL 09/09/2018 01:00PM ET,BAL,0
DST,Bills  (10982489),Bills ,10982489,DST,3000,BUF@BAL 09/09/2018 01:00PM ET,BUF,6.47
RB,Sam Rogers (11182425),Sam Rogers,11182425,RB/FLEX,3000,BUF@BAL 09/09/2018 01:00PM ET,BUF,0
RB,Robert Martin (10981431),Robert Martin,10981431,RB/FLEX,3000,JAX@NYG 09/09/2018 01:00PM ET,NYG,0
RB,Jalen Simmons (10981433),Jalen Simmons,10981433,RB/FLEX,3000,JAX@NYG 09/09/2018 01:00PM ET,NYG,0
RB,Tim Cook (10981435),Tim Cook,10981435,RB/FLEX,3000,JAX@NYG 09/09/2018 01:00PM ET,JAX,0
RB,Brandon Wilds (10981437),Brandon Wilds,10981437,RB/FLEX,3000,JAX@NYG 09/09/2018 01:00PM ET,JAX,0
RB,Tommy Bohanon (10981439),Tommy Bohanon,10981439,RB/FLEX,3000,JAX@NYG 09/09/2018 01:00PM ET,JAX,2.12
WR,Amba Etta-Tawo (10981843),Amba Etta-Tawo,10981843,WR/FLEX,3000,JAX@NYG 09/09/2018 01:00PM ET,NYG,0
WR,Travis Rudolph (10981845),Travis Rudolph,10981845,WR/FLEX,3000,JAX@NYG 09/09/2018 01:00PM ET,NYG,2.59
WR,Alonzo Russell (10981847),Alonzo Russell,10981847,WR/FLEX,3000,JAX@NYG 09/09/2018 01:00PM ET,NYG,0
WR,Marquis Bundy (10981849),Marquis Bundy,10981849,WR/FLEX,3000,JAX@NYG 09/09/2018 01:00PM ET,NYG,0
WR,Russell Shepard (10981851),Russell Shepard,10981851,WR/FLEX,3000,JAX@NYG 09/09/2018 01:00PM ET,NYG,2.82
WR,Kalif Raymond (10981853),Kalif Raymond,10981853,WR/FLEX,3000,JAX@NYG 09/09/2018 01:00PM ET,NYG,0.14
WR,Jawill Davis (10981855),Jawill Davis,10981855,WR/FLEX,3000,JAX@NYG 09/09/2018 01:00PM ET,NYG,0
WR,Hunter Sharp (10981857),Hunter Sharp,10981857,WR/FLEX,3000,JAX@NYG 09/09/2018 01:00PM ET,NYG,5.47
WR,Allen Lazard (10981859),Allen Lazard,10981859,WR/FLEX,3000,JAX@NYG 09/09/2018 01:00PM ET,JAX,0
WR,D.J. Chark Jr. (10981861),D.J. Chark Jr.,10981861,WR/FLEX,3000,JAX@NYG 09/09/2018 01:00PM ET,JAX,0
WR,Shane Wynn (10981863),Shane Wynn,10981863,WR/FLEX,3000,JAX@NYG 09/09/2018 01:00PM ET,JAX,0
WR,Montay Crockett (10981865),Montay Crockett,10981865,WR/FLEX,3000,JAX@NYG 09/09/2018 01:00PM ET,JAX,0
WR,Dorren Miller (10981867),Dorren Miller,10981867,WR/FLEX,3000,JAX@NYG 09/09/2018 01:00PM ET,JAX,0
WR,DeAndre Smelter (10981869),DeAndre Smelter,10981869,WR/FLEX,3000,JAX@NYG 09/09/2018 01:00PM ET,JAX,0
WR,Rashad Greene Sr. (10981871),Rashad Greene Sr.,10981871,WR/FLEX,3000,JAX@NYG 09/09/2018 01:00PM ET,JAX,0
WR,Jaydon Mickens (10981873),Jaydon Mickens,10981873,WR/FLEX,3000,JAX@NYG 09/09/2018 01:00PM ET,JAX,2.48
RB,Jhurell Pressley (11182415),Jhurell Pressley,11182415,RB/FLEX,3000,JAX@NYG 09/09/2018 01:00PM ET,NYG,0
RB,Zach Line (10981441),Zach Line,10981441,RB/FLEX,3000,TB@NO 09/09/2018 01:00PM ET,NO,1.39
RB,Dalton Crossan (10981443),Dalton Crossan,10981443,RB/FLEX,3000,TB@NO 09/09/2018 01:00PM ET,TB,0
RB,Shaun Wilson (10981445),Shaun Wilson,10981445,RB/FLEX,3000,TB@NO 09/09/2018 01:00PM ET,TB,0
RB,Austin Johnson (10981447),Austin Johnson,10981447,RB/FLEX,3000,TB@NO 09/09/2018 01:00PM ET,TB,0
WR,Dan Arnold (10981875),Dan Arnold,10981875,WR/FLEX,3000,TB@NO 09/09/2018 01:00PM ET,NO,0
WR,Austin Carr (10981877),Austin Carr,10981877,WR/FLEX,3000,TB@NO 09/09/2018 01:00PM ET,NO,0
WR,Keith Kirkwood (10981879),Keith Kirkwood,10981879,WR/FLEX,3000,TB@NO 09/09/2018 01:00PM ET,NO,0
WR,Travin Dural (10981881),Travin Dural,10981881,WR/FLEX,3000,TB@NO 09/09/2018 01:00PM ET,NO,0
WR,Josh Smith (10981883),Josh Smith,10981883,WR/FLEX,3000,TB@NO 09/09/2018 01:00PM ET,NO,0
WR,Eldridge Massington (10981885),Eldridge Massington,10981885,WR/FLEX,3000,TB@NO 09/09/2018 01:00PM ET,NO,0
WR,Tommylee Lewis (10981887),Tommylee Lewis,10981887,WR/FLEX,3000,TB@NO 09/09/2018 01:00PM ET,NO,1.62
WR,Josh Huff (10981889),Josh Huff,10981889,WR/FLEX,3000,TB@NO 09/09/2018 01:00PM ET,NO,0
WR,Justin Watson (10981891),Justin Watson,10981891,WR/FLEX,3000,TB@NO 09/09/2018 01:00PM ET,TB,0
WR,Erv Philips (10981893),Erv Philips,10981893,WR/FLEX,3000,TB@NO 09/09/2018 01:00PM ET,TB,0
WR,Freddie Martino (10981895),Freddie Martino,10981895,WR/FLEX,3000,TB@NO 09/09/2018 01:00PM ET,TB,1.82
WR,Bobo Wilson (10981897),Bobo Wilson,10981897,WR/FLEX,3000,TB@NO 09/09/2018 01:00PM ET,TB,3.2
WR,Sergio Bailey II (10981899),Sergio Bailey II,10981899,WR/FLEX,3000,TB@NO 09/09/2018 01:00PM ET,TB,0
WR,Bernard Reedy (10981901),Bernard Reedy,10981901,WR/FLEX,3000,TB@NO 09/09/2018 01:00PM ET,TB,0.53
WR,Jake Lampman (10981903),Jake Lampman,10981903,WR/FLEX,3000,TB@NO 09/09/2018 01:00PM ET,TB,0
WR,Tanner McEvoy (10982101),Tanner McEvoy,10982101,WR/FLEX,3000,TB@NO 09/09/2018 01:00PM ET,NO,0.95
TE,Cameron Brate (10982205),Cameron Brate,10982205,TE/FLEX,3000,TB@NO 09/09/2018 01:00PM ET,TB,8.94
RB,Dare Ogunbowale (11182419),Dare Ogunbowale,11182419,RB/FLEX,3000,TB@NO 09/09/2018 01:00PM ET,TB,0
RB,Devine Redding (11182437),Devine Redding,11182437,RB/FLEX,3000,TB@NO 09/09/2018 01:00PM ET,TB,0
WR,Brandon Tate (11182445),Brandon Tate,11182445,WR/FLEX,3000,TB@NO 09/09/2018 01:00PM ET,NO,1.44
WR,Michael Floyd (11182447),Michael Floyd,11182447,WR/FLEX,3000,TB@NO 09/09/2018 01:00PM ET,NO,1.37
WR,Donteea Dye (11182473),Donteea Dye,11182473,WR/FLEX,3000,TB@NO 09/09/2018 01:00PM ET,TB,0
RB,Lavon Coleman (10981449),Lavon Coleman,10981449,RB/FLEX,3000,HOU@NE 09/09/2018 01:00PM ET,HOU,0
RB,Troymaine Pope (10981451),Troymaine Pope,10981451,RB/FLEX,3000,HOU@NE 09/09/2018 01:00PM ET,HOU,0
RB,Tyler Ervin (10981453),Tyler Ervin,10981453,RB/FLEX,3000,HOU@NE 09/09/2018 01:00PM ET,HOU,3.25
RB,Terry Swanson (10981455),Terry Swanson,10981455,RB/FLEX,3000,HOU@NE 09/09/2018 01:00PM ET,HOU,0
RB,Jay Prosch (10981457),Jay Prosch,10981457,RB/FLEX,3000,HOU@NE 09/09/2018 01:00PM ET,HOU,0.44
RB,James Develin (10981459),James Develin,10981459,RB/FLEX,3000,HOU@NE 09/09/2018 01:00PM ET,NE,0.54
RB,Ralph Webb (10981461),Ralph Webb,10981461,RB/FLEX,3000,HOU@NE 09/09/2018 01:00PM ET,NE,0
RB,Brandon Bolden (10981463),Brandon Bolden,10981463,RB/FLEX,3000,HOU@NE 09/09/2018 01:00PM ET,NE,0.95
WR,Quan Bray (10981815),Quan Bray,10981815,WR/FLEX,3000,HOU@NE 09/09/2018 01:00PM ET,HOU,0.77
WR,Vyncint Smith (10981907),Vyncint Smith,10981907,WR/FLEX,3000,HOU@NE 09/09/2018 01:00PM ET,HOU,0
WR,Keke Coutee (10981909),Keke Coutee,10981909,WR/FLEX,3000,HOU@NE 09/09/2018 01:00PM ET,HOU,0
WR,Sammie Coates (10981911),Sammie Coates,10981911,WR/FLEX,3000,HOU@NE 09/09/2018 01:00PM ET,HOU,1.08
WR,Chris Thompson (10981913),Chris Thompson,10981913,WR/FLEX,3000,HOU@NE 09/09/2018 01:00PM ET,HOU,1.03
WR,Jester Weah (10981915),Jester Weah,10981915,WR/FLEX,3000,HOU@NE 09/09/2018 01:00PM ET,HOU,0
WR,Devin Lucien (10981917),Devin Lucien,10981917,WR/FLEX,3000,HOU@NE 09/09/2018 01:00PM ET,NE,0
WR,Riley McCarron (10981919),Riley McCarron,10981919,WR/FLEX,3000,HOU@NE 09/09/2018 01:00PM ET,NE,0
WR,Cody Hollister (10981921),Cody Hollister,10981921,WR/FLEX,3000,HOU@NE 09/09/2018 01:00PM ET,NE,0
WR,Matthew Slater (10981923),Matthew Slater,10981923,WR/FLEX,3000,HOU@NE 09/09/2018 01:00PM ET,NE,0
RB,Kenneth Farrow (11182411),Kenneth Farrow,11182411,RB/FLEX,3000,HOU@NE 09/09/2018 01:00PM ET,NE,0
RB,Henry Poggi (11182421),Henry Poggi,11182421,RB/FLEX,3000,HOU@NE 09/09/2018 01:00PM ET,NE,0
RB,Khalfani Muhammad (11182427),Khalfani Muhammad,11182427,RB/FLEX,3000,HOU@NE 09/09/2018 01:00PM ET,NE,0
WR,Paul Turner (11182451),Paul Turner,11182451,WR/FLEX,3000,HOU@NE 09/09/2018 01:00PM ET,NE,0
WR,K.J. Maye (11182453),K.J. Maye,11182453,WR/FLEX,3000,HOU@NE 09/09/2018 01:00PM ET,NE,0
RB,Mike Boone (10981465),Mike Boone,10981465,RB/FLEX,3000,SF@MIN 09/09/2018 01:00PM ET,MIN,0
RB,C.J. Ham (10981467),C.J. Ham,10981467,RB/FLEX,3000,SF@MIN 09/09/2018 01:00PM ET,MIN,1.21
RB,Johnny Stanton (10981469),Johnny Stanton,10981469,RB/FLEX,3000,SF@MIN 09/09/2018 01:00PM ET,MIN,0
RB,Roc Thomas (10981471),Roc Thomas,10981471,RB/FLEX,3000,SF@MIN 09/09/2018 01:00PM ET,MIN,0
RB,Mack Brown (10981473),Mack Brown,10981473,RB/FLEX,3000,SF@MIN 09/09/2018 01:00PM ET,MIN,1.25
RB,Jeff Wilson (10981475),Jeff Wilson,10981475,RB/FLEX,3000,SF@MIN 09/09/2018 01:00PM ET,SF,0
RB,Raheem Mostert (10981477),Raheem Mostert,10981477,RB/FLEX,3000,SF@MIN 09/09/2018 01:00PM ET,SF,0.18
RB,Malcolm Johnson (10981479),Malcolm Johnson,10981479,RB/FLEX,3000,SF@MIN 09/09/2018 01:00PM ET,SF,0
RB,Kyle Juszczyk (10981481),Kyle Juszczyk,10981481,RB/FLEX,3000,SF@MIN 09/09/2018 01:00PM ET,SF,5.11
RB,Jeremy McNichols (10981483),Jeremy McNichols,10981483,RB/FLEX,3000,SF@MIN 09/09/2018 01:00PM ET,SF,0
WR,Stacy Coley (10981925),Stacy Coley,10981925,WR/FLEX,3000,SF@MIN 09/09/2018 01:00PM ET,MIN,0
WR,Tavarres King (10981927),Tavarres King,10981927,WR/FLEX,3000,SF@MIN 09/09/2018 01:00PM ET,MIN,7.54
WR,Cayleb Jones (10981929),Cayleb Jones,10981929,WR/FLEX,3000,SF@MIN 09/09/2018 01:00PM ET,MIN,0
WR,Brandon Zylstra (10981931),Brandon Zylstra,10981931,WR/FLEX,3000,SF@MIN 09/09/2018 01:00PM ET,MIN,0
WR,Jeff Badet (10981933),Jeff Badet,10981933,WR/FLEX,3000,SF@MIN 09/09/2018 01:00PM ET,MIN,0
WR,Korey Robertson (10981935),Korey Robertson,10981935,WR/FLEX,3000,SF@MIN 09/09/2018 01:00PM ET,MIN,0
WR,Chad Beebe (10981937),Chad Beebe,10981937,WR/FLEX,3000,SF@MIN 09/09/2018 01:00PM ET,MIN,0
WR,Jake Wieneke (10981939),Jake Wieneke,10981939,WR/FLEX,3000,SF@MIN 09/09/2018 01:00PM ET,MIN,0
WR,Victor Bolden Jr. (10981941),Victor Bolden Jr.,10981941,WR/FLEX,3000,SF@MIN 09/09/2018 01:00PM ET,SF,0
WR,Aldrick Robinson (10981943),Aldrick Robinson,10981943,WR/FLEX,3000,SF@MIN 09/09/2018 01:00PM ET,SF,3.56
WR,Steven Dunbar (10981945),Steven Dunbar,10981945,WR/FLEX,3000,SF@MIN 09/09/2018 01:00PM ET,SF,0
WR,Aaron Burbridge (10981947),Aaron Burbridge,10981947,WR/FLEX,3000,SF@MIN 09/09/2018 01:00PM ET,SF,0
WR,Richie James Jr. (10981949),Richie James Jr.,10981949,WR/FLEX,3000,SF@MIN 09/09/2018 01:00PM ET,SF,0
WR,Kendrick Bourne (10981951),Kendrick Bourne,10981951,WR/FLEX,3000,SF@MIN 09/09/2018 01:00PM ET,SF,3.79
WR,Max McCaffrey (10981953),Max McCaffrey,10981953,WR/FLEX,3000,SF@MIN 09/09/2018 01:00PM ET,SF,0.28
RB,Luke McNitt (11182433),Luke McNitt,11182433,RB/FLEX,3000,SF@MIN 09/09/2018 01:00PM ET,MIN,0
RB,Kobe McCrary (11182441),Kobe McCrary,11182441,RB/FLEX,3000,SF@MIN 09/09/2018 01:00PM ET,MIN,0
RB,Ja'Quan Gardner (11182443),Ja'Quan Gardner,11182443,RB/FLEX,3000,SF@MIN 09/09/2018 01:00PM ET,SF,0
RB,Akrum Wadley (10981485),Akrum Wadley,10981485,RB/FLEX,3000,TEN@MIA 09/09/2018 01:00PM ET,TEN,0
RB,Dalyn Dawkins (10981487),Dalyn Dawkins,10981487,RB/FLEX,3000,TEN@MIA 09/09/2018 01:00PM ET,TEN,0
RB,David Fluellen (10981489),David Fluellen,10981489,RB/FLEX,3000,TEN@MIA 09/09/2018 01:00PM ET,TEN,0.12
RB,Brandon Radcliff (10981491),Brandon Radcliff,10981491,RB/FLEX,3000,TEN@MIA 09/09/2018 01:00PM ET,MIA,0
RB,Buddy Howell Jr. (10981493),Buddy Howell Jr.,10981493,RB/FLEX,3000,TEN@MIA 09/09/2018 01:00PM ET,MIA,0
RB,Senorise Perry (10981495),Senorise Perry,10981495,RB/FLEX,3000,TEN@MIA 09/09/2018 01:00PM ET,MIA,0.27
WR,Jordan Veasy (10981955),Jordan Veasy,10981955,WR/FLEX,3000,TEN@MIA 09/09/2018 01:00PM ET,TEN,0
WR,Darius Jennings (10981957),Darius Jennings,10981957,WR/FLEX,3000,TEN@MIA 09/09/2018 01:00PM ET,TEN,0
WR,Michael Campanaro (10981959),Michael Campanaro,10981959,WR/FLEX,3000,TEN@MIA 09/09/2018 01:00PM ET,TEN,4.04
WR,Deontay Burnett (10981961),Deontay Burnett,10981961,WR/FLEX,3000,TEN@MIA 09/09/2018 01:00PM ET,TEN,0
WR,Cameron Batson (10981963),Cameron Batson,10981963,WR/FLEX,3000,TEN@MIA 09/09/2018 01:00PM ET,TEN,0
WR,Brandon Shippen (10981965),Brandon Shippen,10981965,WR/FLEX,3000,TEN@MIA 09/09/2018 01:00PM ET,TEN,0
WR,Devin Ross (10981967),Devin Ross,10981967,WR/FLEX,3000,TEN@MIA 09/09/2018 01:00PM ET,TEN,0
WR,Nick Williams (10981969),Nick Williams,10981969,WR/FLEX,3000,TEN@MIA 09/09/2018 01:00PM ET,TEN,2
WR,Malcolm Lewis (10981971),Malcolm Lewis,10981971,WR/FLEX,3000,TEN@MIA 09/09/2018 01:00PM ET,MIA,0
WR,Isaiah Ford (10981973),Isaiah Ford,10981973,WR/FLEX,3000,TEN@MIA 09/09/2018 01:00PM ET,MIA,0
WR,Francis Owusu (10981975),Francis Owusu,10981975,WR/FLEX,3000,TEN@MIA 09/09/2018 01:00PM ET,MIA,0
WR,Drew Morgan (10981977),Drew Morgan,10981977,WR/FLEX,3000,TEN@MIA 09/09/2018 01:00PM ET,MIA,0
WR,Rashawn Scott (10981979),Rashawn Scott,10981979,WR/FLEX,3000,TEN@MIA 09/09/2018 01:00PM ET,MIA,0
RB,Jeremy Langford (11182409),Jeremy Langford,11182409,RB/FLEX,3000,TEN@MIA 09/09/2018 01:00PM ET,MIA,0
RB,Lenard Tillery (11182417),Lenard Tillery,11182417,RB/FLEX,3000,TEN@MIA 09/09/2018 01:00PM ET,TEN,0
RB,Brian Hill (10981497),Brian Hill,10981497,RB/FLEX,3000,CIN@IND 09/09/2018 01:00PM ET,CIN,1.33
RB,Tra Carson (10981501),Tra Carson,10981501,RB/FLEX,3000,CIN@IND 09/09/2018 01:00PM ET,CIN,0
RB,Jarveon Williams (10981503),Jarveon Williams,10981503,RB/FLEX,3000,CIN@IND 09/09/2018 01:00PM ET,CIN,0
RB,Quinton Flowers (10981505),Quinton Flowers,10981505,RB/FLEX,3000,CIN@IND 09/09/2018 01:00PM ET,CIN,0
RB,Josh Ferguson (10981507),Josh Ferguson,10981507,RB/FLEX,3000,CIN@IND 09/09/2018 01:00PM ET,IND,0.51
RB,Christine Michael (10981509),Christine Michael,10981509,RB/FLEX,3000,CIN@IND 09/09/2018 01:00PM ET,IND,0
RB,Robert Turbin (10981511),Robert Turbin,10981511,RB/FLEX,3000,CIN@IND 09/09/2018 01:00PM ET,IND,4.32
WR,Alex Erickson (10981981),Alex Erickson,10981981,WR/FLEX,3000,CIN@IND 09/09/2018 01:00PM ET,CIN,2.29
WR,Devonte Boyd (10981983),Devonte Boyd,10981983,WR/FLEX,3000,CIN@IND 09/09/2018 01:00PM ET,CIN,0
WR,Ka'Raun White (10981985),Ka'Raun White,10981985,WR/FLEX,3000,CIN@IND 09/09/2018 01:00PM ET,CIN,0
WR,Josh Malone (10981987),Josh Malone,10981987,WR/FLEX,3000,CIN@IND 09/09/2018 01:00PM ET,CIN,1.68
WR,Cody Core (10981989),Cody Core,10981989,WR/FLEX,3000,CIN@IND 09/09/2018 01:00PM ET,CIN,0
WR,Kermit Whitfield (10981991),Kermit Whitfield,10981991,WR/FLEX,3000,CIN@IND 09/09/2018 01:00PM ET,CIN,0
WR,Auden Tate (10981993),Auden Tate,10981993,WR/FLEX,3000,CIN@IND 09/09/2018 01:00PM ET,CIN,0
WR,Reece Fountain (10981997),Reece Fountain,10981997,WR/FLEX,3000,CIN@IND 09/09/2018 01:00PM ET,IND,0
WR,Krishawn Hogan (10981999),Krishawn Hogan,10981999,WR/FLEX,3000,CIN@IND 09/09/2018 01:00PM ET,IND,0
WR,Steve Ishmael (10982001),Steve Ishmael,10982001,WR/FLEX,3000,CIN@IND 09/09/2018 01:00PM ET,IND,0
WR,Deon Cain (10982003),Deon Cain,10982003,WR/FLEX,3000,CIN@IND 09/09/2018 01:00PM ET,IND,0
WR,James Wright (10982005),James Wright,10982005,WR/FLEX,3000,CIN@IND 09/09/2018 01:00PM ET,IND,0
WR,Zach Pascal (10982007),Zach Pascal,10982007,WR/FLEX,3000,CIN@IND 09/09/2018 01:00PM ET,IND,0
WR,K.J. Brent (10982009),K.J. Brent,10982009,WR/FLEX,3000,CIN@IND 09/09/2018 01:00PM ET,IND,0
WR,Kasen Williams (10982011),Kasen Williams,10982011,WR/FLEX,3000,CIN@IND 09/09/2018 01:00PM ET,IND,2.49
WR,Seantavius Jones (10982013),Seantavius Jones,10982013,WR/FLEX,3000,CIN@IND 09/09/2018 01:00PM ET,IND,0
RB,Branden Oliver (11182407),Branden Oliver,11182407,RB/FLEX,3000,CIN@IND 09/09/2018 01:00PM ET,IND,2.11
WR,Cobi Hamilton (11182449),Cobi Hamilton,11182449,WR/FLEX,3000,CIN@IND 09/09/2018 01:00PM ET,IND,0.6
WR,Jared Murphy (11182465),Jared Murphy,11182465,WR/FLEX,3000,CIN@IND 09/09/2018 01:00PM ET,CIN,0
WR,Kayaune Ross (11182475),Kayaune Ross,11182475,WR/FLEX,3000,CIN@IND 09/09/2018 01:00PM ET,CIN,0
RB,Danny Vitale (10981513),Danny Vitale,10981513,RB/FLEX,3000,PIT@CLE 09/09/2018 01:00PM ET,CLE,0.33
RB,Dontrell Hilliard (10981515),Dontrell Hilliard,10981515,RB/FLEX,3000,PIT@CLE 09/09/2018 01:00PM ET,CLE,0
RB,Marquez Williams (10981517),Marquez Williams,10981517,RB/FLEX,3000,PIT@CLE 09/09/2018 01:00PM ET,CLE,0
RB,Matthew Dayes (10981519),Matthew Dayes,10981519,RB/FLEX,3000,PIT@CLE 09/09/2018 01:00PM ET,CLE,0.51
RB,James Summers (10981521),James Summers,10981521,RB/FLEX,3000,PIT@CLE 09/09/2018 01:00PM ET,PIT,0
RB,Jarvion Franklin (10981523),Jarvion Franklin,10981523,RB/FLEX,3000,PIT@CLE 09/09/2018 01:00PM ET,PIT,0
RB,Roosevelt Nix (10981525),Roosevelt Nix,10981525,RB/FLEX,3000,PIT@CLE 09/09/2018 01:00PM ET,PIT,0.86
RB,Jaylen Samuels (10981527),Jaylen Samuels,10981527,RB/FLEX,3000,PIT@CLE 09/09/2018 01:00PM ET,PIT,0
WR,Damion Ratley (10982015),Damion Ratley,10982015,WR/FLEX,3000,PIT@CLE 09/09/2018 01:00PM ET,CLE,0
WR,Rashard Higgins (10982017),Rashard Higgins,10982017,WR/FLEX,3000,PIT@CLE 09/09/2018 01:00PM ET,CLE,4.64
WR,C.J. Board (10982019),C.J. Board,10982019,WR/FLEX,3000,PIT@CLE 09/09/2018 01:00PM ET,CLE,0
WR,Jeff Janis (10982021),Jeff Janis,10982021,WR/FLEX,3000,PIT@CLE 09/09/2018 01:00PM ET,CLE,0.2
WR,Evan Berry (10982023),Evan Berry,10982023,WR/FLEX,3000,PIT@CLE 09/09/2018 01:00PM ET,CLE,0
WR,Da'Mari Scott (10982025),Da'Mari Scott,10982025,WR/FLEX,3000,PIT@CLE 09/09/2018 01:00PM ET,CLE,0
WR,Derrick Willies (10982027),Derrick Willies,10982027,WR/FLEX,3000,PIT@CLE 09/09/2018 01:00PM ET,CLE,0
WR,Ricardo Louis (10982029),Ricardo Louis,10982029,WR/FLEX,3000,PIT@CLE 09/09/2018 01:00PM ET,CLE,3.92
WR,Eli Rogers (10982031),Eli Rogers,10982031,WR/FLEX,3000,PIT@CLE 09/09/2018 01:00PM ET,PIT,3.14
WR,Trey Griffey (10982033),Trey Griffey,10982033,WR/FLEX,3000,PIT@CLE 09/09/2018 01:00PM ET,PIT,0
WR,Tevin Jones (10982035),Tevin Jones,10982035,WR/FLEX,3000,PIT@CLE 09/09/2018 01:00PM ET,PIT,0
WR,Quadree Henderson (10982037),Quadree Henderson,10982037,WR/FLEX,3000,PIT@CLE 09/09/2018 01:00PM ET,PIT,0
WR,Marcus Tucker (10982039),Marcus Tucker,10982039,WR/FLEX,3000,PIT@CLE 09/09/2018 01:00PM ET,PIT,0
WR,Damoun Patterson (10982041),Damoun Patterson,10982041,WR/FLEX,3000,PIT@CLE 09/09/2018 01:00PM ET,PIT,0
WR,Justin Hunter (10982043),Justin Hunter,10982043,WR/FLEX,3000,PIT@CLE 09/09/2018 01:00PM ET,PIT,1.76
WR,Justin Thomas (10982045),Justin Thomas,10982045,WR/FLEX,3000,PIT@CLE 09/09/2018 01:00PM ET,PIT,0
WR,Blake Jackson (11182457),Blake Jackson,11182457,WR/FLEX,3000,PIT@CLE 09/09/2018 01:00PM ET,CLE,0
WR,Ryan Switzer (11182459),Ryan Switzer,11182459,WR/FLEX,3000,PIT@CLE 09/09/2018 01:00PM ET,PIT,0.98
RB,Ray Lawry (10981499),Ray Lawry,10981499,RB/FLEX,3000,KC@LAC 09/09/2018 04:05PM ET,KC,0
RB,Darrel Williams (10981529),Darrel Williams,10981529,RB/FLEX,3000,KC@LAC 09/09/2018 04:05PM ET,KC,0
RB,Algernon Brown (10981531),Algernon Brown,10981531,RB/FLEX,3000,KC@LAC 09/09/2018 04:05PM ET,KC,0
RB,Kerwynn Williams (10981533),Kerwynn Williams,10981533,RB/FLEX,3000,KC@LAC 09/09/2018 04:05PM ET,KC,4.24
RB,Damien Williams (10981535),Damien Williams,10981535,RB/FLEX,3000,KC@LAC 09/09/2018 04:05PM ET,KC,5.42
RB,Anthony Sherman (10981537),Anthony Sherman,10981537,RB/FLEX,3000,KC@LAC 09/09/2018 04:05PM ET,KC,1.22
RB,Russell Hansbrough (10981539),Russell Hansbrough,10981539,RB/FLEX,3000,KC@LAC 09/09/2018 04:05PM ET,LAC,0
RB,Anthony Manzo-Lewis (10981541),Anthony Manzo-Lewis,10981541,RB/FLEX,3000,KC@LAC 09/09/2018 04:05PM ET,LAC,0
RB,Justin Jackson (10981543),Justin Jackson,10981543,RB/FLEX,3000,KC@LAC 09/09/2018 04:05PM ET,LAC,0
RB,Derek Watt (10981545),Derek Watt,10981545,RB/FLEX,3000,KC@LAC 09/09/2018 04:05PM ET,LAC,0.49
RB,Detrez Newsome (10981547),Detrez Newsome,10981547,RB/FLEX,3000,KC@LAC 09/09/2018 04:05PM ET,LAC,0
WR,Gehrig Dieter (10982047),Gehrig Dieter,10982047,WR/FLEX,3000,KC@LAC 09/09/2018 04:05PM ET,KC,0
WR,Elijah Marks (10982049),Elijah Marks,10982049,WR/FLEX,3000,KC@LAC 09/09/2018 04:05PM ET,KC,0
WR,De'Anthony Thomas (10982051),De'Anthony Thomas,10982051,WR/FLEX,3000,KC@LAC 09/09/2018 04:05PM ET,KC,2.54
WR,Jordan Smallwood (10982053),Jordan Smallwood,10982053,WR/FLEX,3000,KC@LAC 09/09/2018 04:05PM ET,KC,0
WR,Byron Pringle (10982055),Byron Pringle,10982055,WR/FLEX,3000,KC@LAC 09/09/2018 04:05PM ET,KC,0
WR,Josh Crockett (10982057),Josh Crockett,10982057,WR/FLEX,3000,KC@LAC 09/09/2018 04:05PM ET,KC,0
WR,Daniel Braverman (10982059),Daniel Braverman,10982059,WR/FLEX,3000,KC@LAC 09/09/2018 04:05PM ET,KC,0
WR,Jehu Chesson (10982061),Jehu Chesson,10982061,WR/FLEX,3000,KC@LAC 09/09/2018 04:05PM ET,KC,0.29
WR,Marcus Kemp (10982063),Marcus Kemp,10982063,WR/FLEX,3000,KC@LAC 09/09/2018 04:05PM ET,KC,0
WR,Justice Liggins (10982065),Justice Liggins,10982065,WR/FLEX,3000,KC@LAC 09/09/2018 04:05PM ET,LAC,0
WR,J.J. Jones (10982067),J.J. Jones,10982067,WR/FLEX,3000,KC@LAC 09/09/2018 04:05PM ET,LAC,0
WR,Andre Patton (10982069),Andre Patton,10982069,WR/FLEX,3000,KC@LAC 09/09/2018 04:05PM ET,LAC,0
WR,Artavis Scott (10982071),Artavis Scott,10982071,WR/FLEX,3000,KC@LAC 09/09/2018 04:05PM ET,LAC,0
WR,Nelson Spruce (10982073),Nelson Spruce,10982073,WR/FLEX,3000,KC@LAC 09/09/2018 04:05PM ET,LAC,0
WR,Geremy Davis (10982075),Geremy Davis,10982075,WR/FLEX,3000,KC@LAC 09/09/2018 04:05PM ET,LAC,0
WR,Dylan Cantrell (10982077),Dylan Cantrell,10982077,WR/FLEX,3000,KC@LAC 09/09/2018 04:05PM ET,LAC,0
RB,Terrell Watson (11182413),Terrell Watson,11182413,RB/FLEX,3000,KC@LAC 09/09/2018 04:05PM ET,LAC,0.08
RB,David Williams (10981549),David Williams,10981549,RB/FLEX,3000,SEA@DEN 09/09/2018 04:25PM ET,DEN,0
RB,Andy Janovich (10981551),Andy Janovich,10981551,RB/FLEX,3000,SEA@DEN 09/09/2018 04:25PM ET,DEN,0.92
RB,Phillip Lindsay (10981553),Phillip Lindsay,10981553,RB/FLEX,3000,SEA@DEN 09/09/2018 04:25PM ET,DEN,0
RB,Tre Madden (10981555),Tre Madden,10981555,RB/FLEX,3000,SEA@DEN 09/09/2018 04:25PM ET,SEA,1.06
RB,Jalston Fowler (10981557),Jalston Fowler,10981557,RB/FLEX,3000,SEA@DEN 09/09/2018 04:25PM ET,SEA,0.64
RB,Khalid Hill (10981559),Khalid Hill,10981559,RB/FLEX,3000,SEA@DEN 09/09/2018 04:25PM ET,SEA,0
WR,DeAndrew White (10981905),DeAndrew White,10981905,WR/FLEX,3000,SEA@DEN 09/09/2018 04:25PM ET,DEN,1.7
WR,Jordan Taylor (10982079),Jordan Taylor,10982079,WR/FLEX,3000,SEA@DEN 09/09/2018 04:25PM ET,DEN,2.72
WR,Jimmy Williams III (10982081),Jimmy Williams III,10982081,WR/FLEX,3000,SEA@DEN 09/09/2018 04:25PM ET,DEN,0
WR,Isaiah McKenzie (10982083),Isaiah McKenzie,10982083,WR/FLEX,3000,SEA@DEN 09/09/2018 04:25PM ET,DEN,0.48
WR,River Cracraft (10982085),River Cracraft,10982085,WR/FLEX,3000,SEA@DEN 09/09/2018 04:25PM ET,DEN,0
WR,Jordan Leslie (10982087),Jordan Leslie,10982087,WR/FLEX,3000,SEA@DEN 09/09/2018 04:25PM ET,DEN,1.8
WR,Kenny Bell (10982089),Kenny Bell,10982089,WR/FLEX,3000,SEA@DEN 09/09/2018 04:25PM ET,DEN,0
WR,John Diarse (10982091),John Diarse,10982091,WR/FLEX,3000,SEA@DEN 09/09/2018 04:25PM ET,DEN,0
WR,Carlos Henderson (10982093),Carlos Henderson,10982093,WR/FLEX,3000,SEA@DEN 09/09/2018 04:25PM ET,DEN,0
WR,Tim Patrick (10982095),Tim Patrick,10982095,WR/FLEX,3000,SEA@DEN 09/09/2018 04:25PM ET,DEN,0
WR,Marcus Johnson (10982097),Marcus Johnson,10982097,WR/FLEX,3000,SEA@DEN 09/09/2018 04:25PM ET,SEA,0.85
WR,Cyril Grayson Jr. (10982099),Cyril Grayson Jr.,10982099,WR/FLEX,3000,SEA@DEN 09/09/2018 04:25PM ET,SEA,0
WR,Damore'ea Stringfellow (10982103),Damore'ea Stringfellow,10982103,WR/FLEX,3000,SEA@DEN 09/09/2018 04:25PM ET,SEA,0
WR,David Moore (10982105),David Moore,10982105,WR/FLEX,3000,SEA@DEN 09/09/2018 04:25PM ET,SEA,0
WR,Caleb Scott (10982107),Caleb Scott,10982107,WR/FLEX,3000,SEA@DEN 09/09/2018 04:25PM ET,SEA,0
WR,Keenan Reynolds (10982109),Keenan Reynolds,10982109,WR/FLEX,3000,SEA@DEN 09/09/2018 04:25PM ET,SEA,0
RB,Gerald Holmes (11182431),Gerald Holmes,11182431,RB/FLEX,3000,SEA@DEN 09/09/2018 04:25PM ET,SEA,0
RB,Daniel Marx (11182435),Daniel Marx,11182435,RB/FLEX,3000,SEA@DEN 09/09/2018 04:25PM ET,SEA,0
RB,Justin Stockton (11182439),Justin Stockton,11182439,RB/FLEX,3000,SEA@DEN 09/09/2018 04:25PM ET,SEA,0
WR,Marvin Bracy (11182455),Marvin Bracy,11182455,WR/FLEX,3000,SEA@DEN 09/09/2018 04:25PM ET,SEA,0
WR,Mark Chapman (11182461),Mark Chapman,11182461,WR/FLEX,3000,SEA@DEN 09/09/2018 04:25PM ET,DEN,0
WR,Bryce Bobo (11182467),Bryce Bobo,11182467,WR/FLEX,3000,SEA@DEN 09/09/2018 04:25PM ET,DEN,0
WR,Malik Turner (11182471),Malik Turner,11182471,WR/FLEX,3000,SEA@DEN 09/09/2018 04:25PM ET,SEA,0
RB,Trey Williams (10981561),Trey Williams,10981561,RB/FLEX,3000,DAL@CAR 09/09/2018 04:25PM ET,DAL,0
RB,Bo Scarbrough (10981563),Bo Scarbrough,10981563,RB/FLEX,3000,DAL@CAR 09/09/2018 04:25PM ET,DAL,0
RB,Darius Jackson (10981565),Darius Jackson,10981565,RB/FLEX,3000,DAL@CAR 09/09/2018 04:25PM ET,DAL,0
RB,Jamize Olawale (10981567),Jamize Olawale,10981567,RB/FLEX,3000,DAL@CAR 09/09/2018 04:25PM ET,DAL,1.63
RB,Jordan Chunn (10981569),Jordan Chunn,10981569,RB/FLEX,3000,DAL@CAR 09/09/2018 04:25PM ET,DAL,0
RB,Alex Armah (10981571),Alex Armah,10981571,RB/FLEX,3000,DAL@CAR 09/09/2018 04:25PM ET,CAR,0
RB,Kenjon Barner (10981573),Kenjon Barner,10981573,RB/FLEX,3000,DAL@CAR 09/09/2018 04:25PM ET,CAR,1.49
RB,Reggie Bonnafon (10981575),Reggie Bonnafon,10981575,RB/FLEX,3000,DAL@CAR 09/09/2018 04:25PM ET,CAR,0
RB,Elijah Hood (10981577),Elijah Hood,10981577,RB/FLEX,3000,DAL@CAR 09/09/2018 04:25PM ET,CAR,0
WR,Dres Anderson (10981995),Dres Anderson,10981995,WR/FLEX,3000,DAL@CAR 09/09/2018 04:25PM ET,DAL,0
WR,Deonte Thompson (10982111),Deonte Thompson,10982111,WR/FLEX,3000,DAL@CAR 09/09/2018 04:25PM ET,DAL,6.66
WR,K.D. Cannon (10982113),K.D. Cannon,10982113,WR/FLEX,3000,DAL@CAR 09/09/2018 04:25PM ET,DAL,0
WR,Cedrick Wilson (10982115),Cedrick Wilson,10982115,WR/FLEX,3000,DAL@CAR 09/09/2018 04:25PM ET,DAL,0
WR,Mekale McKay (10982117),Mekale McKay,10982117,WR/FLEX,3000,DAL@CAR 09/09/2018 04:25PM ET,DAL,0
WR,Noah Brown (10982119),Noah Brown,10982119,WR/FLEX,3000,DAL@CAR 09/09/2018 04:25PM ET,DAL,0.56
WR,Marchie Murdock (10982121),Marchie Murdock,10982121,WR/FLEX,3000,DAL@CAR 09/09/2018 04:25PM ET,DAL,0
WR,Lance Lenoir (10982123),Lance Lenoir,10982123,WR/FLEX,3000,DAL@CAR 09/09/2018 04:25PM ET,DAL,0
WR,Rasheed Bailey (10982125),Rasheed Bailey,10982125,WR/FLEX,3000,DAL@CAR 09/09/2018 04:25PM ET,CAR,0
WR,Fred Ross Jr. (10982127),Fred Ross Jr.,10982127,WR/FLEX,3000,DAL@CAR 09/09/2018 04:25PM ET,CAR,0
WR,Damiere Byrd (10982129),Damiere Byrd,10982129,WR/FLEX,3000,DAL@CAR 09/09/2018 04:25PM ET,CAR,4.96
WR,Austin Duke (10982131),Austin Duke,10982131,WR/FLEX,3000,DAL@CAR 09/09/2018 04:25PM ET,CAR,0
WR,Jamaal Jones (10982133),Jamaal Jones,10982133,WR/FLEX,3000,DAL@CAR 09/09/2018 04:25PM ET,CAR,0
WR,Bug Howard (10982135),Bug Howard,10982135,WR/FLEX,3000,DAL@CAR 09/09/2018 04:25PM ET,CAR,0
WR,Mose Frazier (10982137),Mose Frazier,10982137,WR/FLEX,3000,DAL@CAR 09/09/2018 04:25PM ET,CAR,0
WR,Darren Carrington II (11182463),Darren Carrington II,11182463,WR/FLEX,3000,DAL@CAR 09/09/2018 04:25PM ET,DAL,0
RB,Sherman Badie (10981579),Sherman Badie,10981579,RB/FLEX,3000,WAS@ARI 09/09/2018 04:25PM ET,ARI,0
RB,Derrick Coleman (10981581),Derrick Coleman,10981581,RB/FLEX,3000,WAS@ARI 09/09/2018 04:25PM ET,ARI,0.27
RB,D.J. Foster (10981583),D.J. Foster,10981583,RB/FLEX,3000,WAS@ARI 09/09/2018 04:25PM ET,ARI,4.6
RB,Elijhaa Penny (10981585),Elijhaa Penny,10981585,RB/FLEX,3000,WAS@ARI 09/09/2018 04:25PM ET,ARI,2.01
RB,Keith Marshall (10981587),Keith Marshall,10981587,RB/FLEX,3000,WAS@ARI 09/09/2018 04:25PM ET,WAS,0
RB,Kapri Bibbs (10981589),Kapri Bibbs,10981589,RB/FLEX,3000,WAS@ARI 09/09/2018 04:25PM ET,WAS,13.57
RB,Martez Carter (10981591),Martez Carter,10981591,RB/FLEX,3000,WAS@ARI 09/09/2018 04:25PM ET,WAS,0
RB,Byron Marshall (10981593),Byron Marshall,10981593,RB/FLEX,3000,WAS@ARI 09/09/2018 04:25PM ET,WAS,3.2
RB,Elijah Wellman (10981595),Elijah Wellman,10981595,RB/FLEX,3000,WAS@ARI 09/09/2018 04:25PM ET,WAS,0
WR,Carlton Agudosi (10982139),Carlton Agudosi,10982139,WR/FLEX,3000,WAS@ARI 09/09/2018 04:25PM ET,ARI,0
WR,Corey Willis (10982141),Corey Willis,10982141,WR/FLEX,3000,WAS@ARI 09/09/2018 04:25PM ET,ARI,0
WR,Trent Sherfield (10982143),Trent Sherfield,10982143,WR/FLEX,3000,WAS@ARI 09/09/2018 04:25PM ET,ARI,0
WR,Greg Little (10982145),Greg Little,10982145,WR/FLEX,3000,WAS@ARI 09/09/2018 04:25PM ET,ARI,0
WR,Jalen Tolliver (10982147),Jalen Tolliver,10982147,WR/FLEX,3000,WAS@ARI 09/09/2018 04:25PM ET,ARI,0
WR,C.J. Duncan (10982149),C.J. Duncan,10982149,WR/FLEX,3000,WAS@ARI 09/09/2018 04:25PM ET,ARI,0
WR,Rashad Ross (10982151),Rashad Ross,10982151,WR/FLEX,3000,WAS@ARI 09/09/2018 04:25PM ET,ARI,0
WR,Robert Davis (10982153),Robert Davis,10982153,WR/FLEX,3000,WAS@ARI 09/09/2018 04:25PM ET,WAS,0
WR,Darvin Kidsy (10982155),Darvin Kidsy,10982155,WR/FLEX,3000,WAS@ARI 09/09/2018 04:25PM ET,WAS,0
WR,Brian Quick (10982157),Brian Quick,10982157,WR/FLEX,3000,WAS@ARI 09/09/2018 04:25PM ET,WAS,1.24
WR,Simmie Cobbs Jr. (10982159),Simmie Cobbs Jr.,10982159,WR/FLEX,3000,WAS@ARI 09/09/2018 04:25PM ET,WAS,0
WR,Maurice Harris (10982161),Maurice Harris,10982161,WR/FLEX,3000,WAS@ARI 09/09/2018 04:25PM ET,WAS,2.7
WR,Trey Quinn (10982163),Trey Quinn,10982163,WR/FLEX,3000,WAS@ARI 09/09/2018 04:25PM ET,WAS,0
WR,Cam Sims (10982165),Cam Sims,10982165,WR/FLEX,3000,WAS@ARI 09/09/2018 04:25PM ET,WAS,0
WR,Shay Fields (10982167),Shay Fields,10982167,WR/FLEX,3000,WAS@ARI 09/09/2018 04:25PM ET,WAS,0
TE,Ricky Seals-Jones (10982211),Ricky Seals-Jones,10982211,TE/FLEX,3000,WAS@ARI 09/09/2018 04:25PM ET,ARI,5.01
RB,De'Veon Smith (11182423),De'Veon Smith,11182423,RB/FLEX,3000,WAS@ARI 09/09/2018 04:25PM ET,WAS,1.14
RB,Darius Victor (11182429),Darius Victor,11182429,RB/FLEX,3000,WAS@ARI 09/09/2018 04:25PM ET,ARI,0
WR,Dan Williams III (11182469),Dan Williams III,11182469,WR/FLEX,3000,WAS@ARI 09/09/2018 04:25PM ET,WAS,0
TE,Mike Gesicki (10982213),Mike Gesicki,10982213,TE/FLEX,2900,TEN@MIA 09/09/2018 01:00PM ET,MIA,0
DST,Titans  (10982490),Titans ,10982490,DST,2900,TEN@MIA 09/09/2018 01:00PM ET,TEN,6.17
TE,Hayden Hurst (10982215),Hayden Hurst,10982215,TE/FLEX,2800,BUF@BAL 09/09/2018 01:00PM ET,BAL,0
TE,Dwayne Allen (10982207),Dwayne Allen,10982207,TE/FLEX,2800,HOU@NE 09/09/2018 01:00PM ET,NE,1.37
TE,Ryan Griffin (10982217),Ryan Griffin,10982217,TE/FLEX,2800,HOU@NE 09/09/2018 01:00PM ET,HOU,5.26
TE,Jonnu Smith (10982209),Jonnu Smith,10982209,TE/FLEX,2800,TEN@MIA 09/09/2018 01:00PM ET,TEN,2.81
DST,Chargers  (10982491),Chargers ,10982491,DST,2800,KC@LAC 09/09/2018 04:05PM ET,LAC,9.94
TE,Ed Dickson (10982219),Ed Dickson,10982219,TE/FLEX,2800,SEA@DEN 09/09/2018 04:25PM ET,SEA,4.94
DST,Redskins  (10982492),Redskins ,10982492,DST,2800,WAS@ARI 09/09/2018 04:25PM ET,WAS,7.06
TE,Mark Andrews (10982221),Mark Andrews,10982221,TE/FLEX,2700,BUF@BAL 09/09/2018 01:00PM ET,BAL,0
TE,Josh Hill (10982223),Josh Hill,10982223,TE/FLEX,2700,TB@NO 09/09/2018 01:00PM ET,NO,3
TE,Stephen Anderson (10982225),Stephen Anderson,10982225,TE/FLEX,2700,HOU@NE 09/09/2018 01:00PM ET,HOU,4.35
TE,Tyler Kroft (10982227),Tyler Kroft,10982227,TE/FLEX,2700,CIN@IND 09/09/2018 01:00PM ET,CIN,7.78
DST,Bengals  (10982493),Bengals ,10982493,DST,2700,CIN@IND 09/09/2018 01:00PM ET,CIN,6.31
TE,Seth DeValve (10982229),Seth DeValve,10982229,TE/FLEX,2700,PIT@CLE 09/09/2018 01:00PM ET,CLE,4.84
TE,Jesse James (10982231),Jesse James,10982231,TE/FLEX,2700,PIT@CLE 09/09/2018 01:00PM ET,PIT,5.91
TE,Demetrius Harris (10982233),Demetrius Harris,10982233,TE/FLEX,2700,KC@LAC 09/09/2018 04:05PM ET,KC,2.98
TE,Virgil Green (10982235),Virgil Green,10982235,TE/FLEX,2700,KC@LAC 09/09/2018 04:05PM ET,LAC,2.44
TE,Jake Butt (10982237),Jake Butt,10982237,TE/FLEX,2700,SEA@DEN 09/09/2018 04:25PM ET,DEN,0
TE,Shane Smith (10982239),Shane Smith,10982239,TE/FLEX,2600,JAX@NYG 09/09/2018 01:00PM ET,NYG,0
DST,Giants  (10982494),Giants ,10982494,DST,2600,JAX@NYG 09/09/2018 01:00PM ET,NYG,5.56
TE,Garrett Celek (10982241),Garrett Celek,10982241,TE/FLEX,2600,SF@MIN 09/09/2018 01:00PM ET,SF,4.91
TE,Antonio Gates (10982249),Antonio Gates,10982249,TE/FLEX,2600,KC@LAC 09/09/2018 04:05PM ET,LAC,4.98
TE,Jeff Heuerman (10982243),Jeff Heuerman,10982243,TE/FLEX,2600,SEA@DEN 09/09/2018 04:25PM ET,DEN,2.51
TE,Nick Vannett (10982245),Nick Vannett,10982245,TE/FLEX,2600,SEA@DEN 09/09/2018 04:25PM ET,SEA,2.03
TE,Jermaine Gresham (10982247),Jermaine Gresham,10982247,TE/FLEX,2600,WAS@ARI 09/09/2018 04:25PM ET,ARI,5.51
TE,Nick O'Leary (10982251),Nick O'Leary,10982251,TE/FLEX,2500,BUF@BAL 09/09/2018 01:00PM ET,BUF,4.34
TE,Jason Croom (10982253),Jason Croom,10982253,TE/FLEX,2500,BUF@BAL 09/09/2018 01:00PM ET,BUF,0
TE,Khari Lee (10982255),Khari Lee,10982255,TE/FLEX,2500,BUF@BAL 09/09/2018 01:00PM ET,BUF,0
TE,Logan Thomas (10982257),Logan Thomas,10982257,TE/FLEX,2500,BUF@BAL 09/09/2018 01:00PM ET,BUF,1.63
TE,Keith Towbridge (10982259),Keith Towbridge,10982259,TE/FLEX,2500,BUF@BAL 09/09/2018 01:00PM ET,BUF,0
TE,Darren Waller (10982261),Darren Waller,10982261,TE/FLEX,2500,BUF@BAL 09/09/2018 01:00PM ET,BAL,0
TE,Maxx Williams (10982263),Maxx Williams,10982263,TE/FLEX,2500,BUF@BAL 09/09/2018 01:00PM ET,BAL,2.66
TE,Nick Boyle (10982265),Nick Boyle,10982265,TE/FLEX,2500,BUF@BAL 09/09/2018 01:00PM ET,BAL,3.35
TE,Nick Keizer (10982267),Nick Keizer,10982267,TE/FLEX,2500,BUF@BAL 09/09/2018 01:00PM ET,BAL,0
TE,Vince Mayle (10982269),Vince Mayle,10982269,TE/FLEX,2500,BUF@BAL 09/09/2018 01:00PM ET,BAL,0.39
TE,Ryan O'Malley (10982271),Ryan O'Malley,10982271,TE/FLEX,2500,JAX@NYG 09/09/2018 01:00PM ET,NYG,0
TE,Rhett Ellison (10982273),Rhett Ellison,10982273,TE/FLEX,2500,JAX@NYG 09/09/2018 01:00PM ET,NYG,3.72
TE,Jerell Adams (10982277),Jerell Adams,10982277,TE/FLEX,2500,JAX@NYG 09/09/2018 01:00PM ET,NYG,1.08
TE,Scott Simonson (10982279),Scott Simonson,10982279,TE/FLEX,2500,JAX@NYG 09/09/2018 01:00PM ET,NYG,0
TE,Garrett Dickerson (10982281),Garrett Dickerson,10982281,TE/FLEX,2500,JAX@NYG 09/09/2018 01:00PM ET,NYG,0
TE,Ben Koyack (10982283),Ben Koyack,10982283,TE/FLEX,2500,JAX@NYG 09/09/2018 01:00PM ET,JAX,1.10
TE,David Grinnage (10982285),David Grinnage,10982285,TE/FLEX,2500,JAX@NYG 09/09/2018 01:00PM ET,JAX,0
TE,Niles Paul (10982287),Niles Paul,10982287,TE/FLEX,2500,JAX@NYG 09/09/2018 01:00PM ET,JAX,1.63
TE,Scott Orndoff (10982289),Scott Orndoff,10982289,TE/FLEX,2500,JAX@NYG 09/09/2018 01:00PM ET,JAX,0
TE,James O'Shaughnessy (10982291),James O'Shaughnessy,10982291,TE/FLEX,2500,JAX@NYG 09/09/2018 01:00PM ET,JAX,2.06
TE,DeAndre Goolsby (11182495),DeAndre Goolsby,11182495,TE/FLEX,2500,JAX@NYG 09/09/2018 01:00PM ET,JAX,0
TE,Deon Yelder (10982293),Deon Yelder,10982293,TE/FLEX,2500,TB@NO 09/09/2018 01:00PM ET,NO,0
TE,Garrett Griffin (10982295),Garrett Griffin,10982295,TE/FLEX,2500,TB@NO 09/09/2018 01:00PM ET,NO,0.47
TE,Michael Hoomanawanui (10982297),Michael Hoomanawanui,10982297,TE/FLEX,2500,TB@NO 09/09/2018 01:00PM ET,NO,1.08
TE,Donnie Ernsberger (10982299),Donnie Ernsberger,10982299,TE/FLEX,2500,TB@NO 09/09/2018 01:00PM ET,TB,0
TE,Antony Auclair (10982301),Antony Auclair,10982301,TE/FLEX,2500,TB@NO 09/09/2018 01:00PM ET,TB,0.56
TE,Alan Cross (10982303),Alan Cross,10982303,TE/FLEX,2500,TB@NO 09/09/2018 01:00PM ET,TB,1.35
TE,Tanner Hudson (10982307),Tanner Hudson,10982307,TE/FLEX,2500,TB@NO 09/09/2018 01:00PM ET,TB,0
TE,John Phillips (11182477),John Phillips,11182477,TE/FLEX,2500,TB@NO 09/09/2018 01:00PM ET,NO,0
TE,Matt Weiser (11182485),Matt Weiser,11182485,TE/FLEX,2500,TB@NO 09/09/2018 01:00PM ET,TB,0
TE,Jordan Thomas (10982309),Jordan Thomas,10982309,TE/FLEX,2500,HOU@NE 09/09/2018 01:00PM ET,HOU,0
TE,Jordan Akins (10982311),Jordan Akins,10982311,TE/FLEX,2500,HOU@NE 09/09/2018 01:00PM ET,HOU,0
TE,MyCole Pruitt (10982313),MyCole Pruitt,10982313,TE/FLEX,2500,HOU@NE 09/09/2018 01:00PM ET,HOU,0
TE,Jevoni Robinson (10982315),Jevoni Robinson,10982315,TE/FLEX,2500,HOU@NE 09/09/2018 01:00PM ET,HOU,0
TE,Matt Lengel (10982317),Matt Lengel,10982317,TE/FLEX,2500,HOU@NE 09/09/2018 01:00PM ET,HOU,0
TE,Ryan Izzo (10982319),Ryan Izzo,10982319,TE/FLEX,2500,HOU@NE 09/09/2018 01:00PM ET,NE,0
TE,Troy Niklas (10982321),Troy Niklas,10982321,TE/FLEX,2500,HOU@NE 09/09/2018 01:00PM ET,NE,2.01
TE,Will Tye (10982323),Will Tye,10982323,TE/FLEX,2500,HOU@NE 09/09/2018 01:00PM ET,NE,2.6
TE,Shane Wimann (10982325),Shane Wimann,10982325,TE/FLEX,2500,HOU@NE 09/09/2018 01:00PM ET,NE,0
TE,Jacob Hollister (10982327),Jacob Hollister,10982327,TE/FLEX,2500,HOU@NE 09/09/2018 01:00PM ET,NE,0.61
TE,Josiah Price (10982329),Josiah Price,10982329,TE/FLEX,2500,SF@MIN 09/09/2018 01:00PM ET,MIN,0
TE,Tyler Conklin (10982331),Tyler Conklin,10982331,TE/FLEX,2500,SF@MIN 09/09/2018 01:00PM ET,MIN,0
TE,David Morgan (10982333),David Morgan,10982333,TE/FLEX,2500,SF@MIN 09/09/2018 01:00PM ET,MIN,1.5
TE,Blake Bell (10982335),Blake Bell,10982335,TE/FLEX,2500,SF@MIN 09/09/2018 01:00PM ET,MIN,0.53
TE,Kevin McDermott (10982337),Kevin McDermott,10982337,TE/FLEX,2500,SF@MIN 09/09/2018 01:00PM ET,MIN,0
TE,Tyler Hoppes (10982339),Tyler Hoppes,10982339,TE/FLEX,2500,SF@MIN 09/09/2018 01:00PM ET,MIN,0
TE,Cole Wick (10982341),Cole Wick,10982341,TE/FLEX,2500,SF@MIN 09/09/2018 01:00PM ET,SF,0
TE,Kyle Nelson (10982343),Kyle Nelson,10982343,TE/FLEX,2500,SF@MIN 09/09/2018 01:00PM ET,SF,0
TE,Ross Dwelley (10982345),Ross Dwelley,10982345,TE/FLEX,2500,SF@MIN 09/09/2018 01:00PM ET,SF,0
TE,Cole Hikutini (10982347),Cole Hikutini,10982347,TE/FLEX,2500,SF@MIN 09/09/2018 01:00PM ET,SF,0.88
TE,Wes Saxton (11182487),Wes Saxton,11182487,TE/FLEX,2500,SF@MIN 09/09/2018 01:00PM ET,SF,0
TE,Luke Stocker (10982349),Luke Stocker,10982349,TE/FLEX,2500,TEN@MIA 09/09/2018 01:00PM ET,TEN,0.93
TE,Ethan Wolf (10982351),Ethan Wolf,10982351,TE/FLEX,2500,TEN@MIA 09/09/2018 01:00PM ET,TEN,0
TE,Anthony Firkser (10982353),Anthony Firkser,10982353,TE/FLEX,2500,TEN@MIA 09/09/2018 01:00PM ET,TEN,0
TE,Tim Semisch (10982355),Tim Semisch,10982355,TE/FLEX,2500,TEN@MIA 09/09/2018 01:00PM ET,TEN,0
TE,Phillip Supernaw (10982357),Phillip Supernaw,10982357,TE/FLEX,2500,TEN@MIA 09/09/2018 01:00PM ET,TEN,0.77
TE,Beau Brinkley (10982359),Beau Brinkley,10982359,TE/FLEX,2500,TEN@MIA 09/09/2018 01:00PM ET,TEN,0
TE,MarQueis Gray (10982361),MarQueis Gray,10982361,TE/FLEX,2500,TEN@MIA 09/09/2018 01:00PM ET,MIA,0.21
TE,Gavin Escobar (10982363),Gavin Escobar,10982363,TE/FLEX,2500,TEN@MIA 09/09/2018 01:00PM ET,MIA,0
TE,Durham Smythe (10982365),Durham Smythe,10982365,TE/FLEX,2500,TEN@MIA 09/09/2018 01:00PM ET,MIA,0
TE,Thomas Duarte (10982367),Thomas Duarte,10982367,TE/FLEX,2500,TEN@MIA 09/09/2018 01:00PM ET,MIA,0
TE,A.J. Derby (10982369),A.J. Derby,10982369,TE/FLEX,2500,TEN@MIA 09/09/2018 01:00PM ET,MIA,5.13
TE,Jerome Cunningham (11182481),Jerome Cunningham,11182481,TE/FLEX,2500,TEN@MIA 09/09/2018 01:00PM ET,TEN,0
TE,Moritz Boehringer (10982371),Moritz Boehringer,10982371,TE/FLEX,2500,CIN@IND 09/09/2018 01:00PM ET,CIN,0
TE,Cethan Carter (10982373),Cethan Carter,10982373,TE/FLEX,2500,CIN@IND 09/09/2018 01:00PM ET,CIN,0
TE,Jordan Franks (10982375),Jordan Franks,10982375,TE/FLEX,2500,CIN@IND 09/09/2018 01:00PM ET,CIN,0
TE,C.J. Uzomah (10982377),C.J. Uzomah,10982377,TE/FLEX,2500,CIN@IND 09/09/2018 01:00PM ET,CIN,1.8
TE,Clark Harris (10982379),Clark Harris,10982379,TE/FLEX,2500,CIN@IND 09/09/2018 01:00PM ET,CIN,0
TE,Ryan Hewitt (10982381),Ryan Hewitt,10982381,TE/FLEX,2500,CIN@IND 09/09/2018 01:00PM ET,CIN,0.32
TE,Mason Schreck (10982383),Mason Schreck,10982383,TE/FLEX,2500,CIN@IND 09/09/2018 01:00PM ET,CIN,0
TE,Mo Alie-Cox (10982385),Mo Alie-Cox,10982385,TE/FLEX,2500,CIN@IND 09/09/2018 01:00PM ET,IND,0
TE,Ross Travis (10982387),Ross Travis,10982387,TE/FLEX,2500,CIN@IND 09/09/2018 01:00PM ET,IND,0.97
TE,Darrell Daniels (10982389),Darrell Daniels,10982389,TE/FLEX,2500,CIN@IND 09/09/2018 01:00PM ET,IND,0.47
TE,Erik Swoope (10982391),Erik Swoope,10982391,TE/FLEX,2500,CIN@IND 09/09/2018 01:00PM ET,IND,0
TE,Devon Cajuste (10982393),Devon Cajuste,10982393,TE/FLEX,2500,PIT@CLE 09/09/2018 01:00PM ET,CLE,0
TE,Darren Fells (10982395),Darren Fells,10982395,TE/FLEX,2500,PIT@CLE 09/09/2018 01:00PM ET,CLE,3.29
TE,Julian Allen (10982397),Julian Allen,10982397,TE/FLEX,2500,PIT@CLE 09/09/2018 01:00PM ET,CLE,0
TE,Ryan Malleck (10982399),Ryan Malleck,10982399,TE/FLEX,2500,PIT@CLE 09/09/2018 01:00PM ET,PIT,0.65
TE,Pharoah McKever (10982401),Pharoah McKever,10982401,TE/FLEX,2500,PIT@CLE 09/09/2018 01:00PM ET,PIT,0
TE,Xavier Grimble (10982403),Xavier Grimble,10982403,TE/FLEX,2500,PIT@CLE 09/09/2018 01:00PM ET,PIT,0.89
TE,Christian Scotland-Williamson (10982405),Christian Scotland-Williamson,10982405,TE/FLEX,2500,PIT@CLE 09/09/2018 01:00PM ET,PIT,0
TE,Orson Charles (11182479),Orson Charles,11182479,TE/FLEX,2500,PIT@CLE 09/09/2018 01:00PM ET,CLE,1.22
TE,Bucky Hodges (11182493),Bucky Hodges,11182493,TE/FLEX,2500,PIT@CLE 09/09/2018 01:00PM ET,PIT,0
TE,Stephen Baggett (11182497),Stephen Baggett,11182497,TE/FLEX,2500,PIT@CLE 09/09/2018 01:00PM ET,CLE,0
TE,Alex Ellis (10982407),Alex Ellis,10982407,TE/FLEX,2500,KC@LAC 09/09/2018 04:05PM ET,KC,0
TE,James Winchester (10982409),James Winchester,10982409,TE/FLEX,2500,KC@LAC 09/09/2018 04:05PM ET,KC,0
TE,Blake Mack (10982411),Blake Mack,10982411,TE/FLEX,2500,KC@LAC 09/09/2018 04:05PM ET,KC,0
TE,Tim Wright (10982413),Tim Wright,10982413,TE/FLEX,2500,KC@LAC 09/09/2018 04:05PM ET,KC,0
TE,Jace Amaro (10982415),Jace Amaro,10982415,TE/FLEX,2500,KC@LAC 09/09/2018 04:05PM ET,KC,0
TE,Ben Johnson (10982417),Ben Johnson,10982417,TE/FLEX,2500,KC@LAC 09/09/2018 04:05PM ET,LAC,0
TE,Hunter Henry (10982419),Hunter Henry,10982419,TE/FLEX,2500,KC@LAC 09/09/2018 04:05PM ET,LAC,9.06
TE,Braedon Bowman (10982421),Braedon Bowman,10982421,TE/FLEX,2500,KC@LAC 09/09/2018 04:05PM ET,LAC,0
TE,Sean Culkin (10982423),Sean Culkin,10982423,TE/FLEX,2500,KC@LAC 09/09/2018 04:05PM ET,LAC,0
TE,Austin Roberts (10982425),Austin Roberts,10982425,TE/FLEX,2500,KC@LAC 09/09/2018 04:05PM ET,LAC,0
TE,Cole Hunt (10982427),Cole Hunt,10982427,TE/FLEX,2500,KC@LAC 09/09/2018 04:05PM ET,LAC,0
TE,Je'Ron Hamm (11182483),Je'Ron Hamm,11182483,TE/FLEX,2500,KC@LAC 09/09/2018 04:05PM ET,LAC,0
TE,Kyle Carter (10982275),Kyle Carter,10982275,TE/FLEX,2500,SEA@DEN 09/09/2018 04:25PM ET,SEA,0
TE,Troy Fumagalli (10982429),Troy Fumagalli,10982429,TE/FLEX,2500,SEA@DEN 09/09/2018 04:25PM ET,DEN,0
TE,Austin Traylor (10982431),Austin Traylor,10982431,TE/FLEX,2500,SEA@DEN 09/09/2018 04:25PM ET,DEN,2.57
TE,Matt LaCosse (10982433),Matt LaCosse,10982433,TE/FLEX,2500,SEA@DEN 09/09/2018 04:25PM ET,DEN,0
TE,Brian Parker (10982435),Brian Parker,10982435,TE/FLEX,2500,SEA@DEN 09/09/2018 04:25PM ET,DEN,0
TE,Tyler Ott (10982437),Tyler Ott,10982437,TE/FLEX,2500,SEA@DEN 09/09/2018 04:25PM ET,SEA,0
TE,Tyrone Swoopes (10982439),Tyrone Swoopes,10982439,TE/FLEX,2500,SEA@DEN 09/09/2018 04:25PM ET,SEA,0
TE,Will Dissly (10982441),Will Dissly,10982441,TE/FLEX,2500,SEA@DEN 09/09/2018 04:25PM ET,SEA,0
TE,Clayton Wilson (10982443),Clayton Wilson,10982443,TE/FLEX,2500,SEA@DEN 09/09/2018 04:25PM ET,SEA,0
TE,Jason Reese (10982305),Jason Reese,10982305,TE/FLEX,2500,DAL@CAR 09/09/2018 04:25PM ET,CAR,0
TE,David Wells (10982445),David Wells,10982445,TE/FLEX,2500,DAL@CAR 09/09/2018 04:25PM ET,DAL,0
TE,Geoff Swaim (10982447),Geoff Swaim,10982447,TE/FLEX,2500,DAL@CAR 09/09/2018 04:25PM ET,DAL,0.3
TE,Blake Jarwin (10982449),Blake Jarwin,10982449,TE/FLEX,2500,DAL@CAR 09/09/2018 04:25PM ET,DAL,0
TE,Dalton Schultz (10982451),Dalton Schultz,10982451,TE/FLEX,2500,DAL@CAR 09/09/2018 04:25PM ET,DAL,0
TE,Rico Gathers (10982453),Rico Gathers,10982453,TE/FLEX,2500,DAL@CAR 09/09/2018 04:25PM ET,DAL,0
TE,Chris Manhertz (10982455),Chris Manhertz,10982455,TE/FLEX,2500,DAL@CAR 09/09/2018 04:25PM ET,CAR,0.23
TE,Jason Vander Laan (10982457),Jason Vander Laan,10982457,TE/FLEX,2500,DAL@CAR 09/09/2018 04:25PM ET,CAR,0
TE,Ian Thomas (10982459),Ian Thomas,10982459,TE/FLEX,2500,DAL@CAR 09/09/2018 04:25PM ET,CAR,0
TE,Evan Baylis (10982461),Evan Baylis,10982461,TE/FLEX,2500,DAL@CAR 09/09/2018 04:25PM ET,CAR,0
TE,Cam Serigne (11182491),Cam Serigne,11182491,TE/FLEX,2500,DAL@CAR 09/09/2018 04:25PM ET,CAR,0
TE,Alec Bloom (10982463),Alec Bloom,10982463,TE/FLEX,2500,WAS@ARI 09/09/2018 04:25PM ET,ARI,0
TE,Andrew Vollert (10982465),Andrew Vollert,10982465,TE/FLEX,2500,WAS@ARI 09/09/2018 04:25PM ET,ARI,0
TE,Chris Bazile (10982467),Chris Bazile,10982467,TE/FLEX,2500,WAS@ARI 09/09/2018 04:25PM ET,ARI,0
TE,Bryce Williams (10982469),Bryce Williams,10982469,TE/FLEX,2500,WAS@ARI 09/09/2018 04:25PM ET,ARI,0
TE,Gabe Holmes (10982471),Gabe Holmes,10982471,TE/FLEX,2500,WAS@ARI 09/09/2018 04:25PM ET,ARI,0
TE,Garrett Hudson (10982473),Garrett Hudson,10982473,TE/FLEX,2500,WAS@ARI 09/09/2018 04:25PM ET,WAS,0
TE,Jeremy Sprinkle (10982475),Jeremy Sprinkle,10982475,TE/FLEX,2500,WAS@ARI 09/09/2018 04:25PM ET,WAS,0.84
TE,Matt Flanagan (10982477),Matt Flanagan,10982477,TE/FLEX,2500,WAS@ARI 09/09/2018 04:25PM ET,WAS,0
TE,Manasseh Garner (10982479),Manasseh Garner,10982479,TE/FLEX,2500,WAS@ARI 09/09/2018 04:25PM ET,WAS,0
DST,Cardinals  (10982495),Cardinals ,10982495,DST,2500,WAS@ARI 09/09/2018 04:25PM ET,ARI,7
TE,J.P. Holtz (11182489),J.P. Holtz,11182489,TE/FLEX,2500,WAS@ARI 09/09/2018 04:25PM ET,WAS,0
DST,Patriots  (10982496),Patriots ,10982496,DST,2400,HOU@NE 09/09/2018 01:00PM ET,NE,7.78
DST,Dolphins  (10982497),Dolphins ,10982497,DST,2400,TEN@MIA 09/09/2018 01:00PM ET,MIA,5.75
DST,Colts  (10982498),Colts ,10982498,DST,2400,CIN@IND 09/09/2018 01:00PM ET,IND,5.56
DST,Chiefs  (10982500),Chiefs ,10982500,DST,2300,KC@LAC 09/09/2018 04:05PM ET,KC,7.71
DST,Cowboys  (10982499),Cowboys ,10982499,DST,2300,DAL@CAR 09/09/2018 04:25PM ET,DAL,7.19
DST,Texans  (10982501),Texans ,10982501,DST,2200,HOU@NE 09/09/2018 01:00PM ET,HOU,5.19
DST,49ers  (10982502),49ers ,10982502,DST,2100,SF@MIN 09/09/2018 01:00PM ET,SF,4.94
DST,Buccaneers  (10982503),Buccaneers ,10982503,DST,2000,TB@NO 09/09/2018 01:00PM ET,TB,6.75
DST,Browns  (10982504),Browns ,10982504,DST,2000,PIT@CLE 09/09/2018 01:00PM ET,CLE,4.69
